ID,power,RR,Sub_vt1,Mid_vt,Supra_vt2,VT_label_3class,Supra_vt1
1,65,"[416.0, 416.0, 420.0, 420.0, 420.0, 420.0, 420.0, 424.0, 424.0, 424.0, 424.0, 424.0, 428.0, 424.0, 428.0, 424.0, 432.0, 432.0, 432.0, 424.0, 428.0, 424.0, 424.0, 424.0, 416.0, 416.0, 416.0, 416.0, 408.0, 412.0, 416.0, 412.0, 412.0, 408.0, 412.0, 408.0, 408.0, 412.0, 408.0, 408.0, 408.0, 408.0, 408.0, 408.0, 408.0, 408.0, 408.0, 412.0, 412.0, 408.0, 412.0, 416.0, 424.0, 420.0, 424.0, 420.0, 420.0, 424.0, 424.0, 420.0, 424.0, 420.0, 416.0, 420.0, 420.0, 416.0, 416.0, 420.0, 424.0, 416.0, 424.0, 428.0, 416.0, 424.0, 420.0, 420.0, 416.0, 416.0, 412.0, 408.0, 412.0, 412.0, 408.0, 408.0, 408.0, 408.0, 404.0, 404.0, 404.0, 400.0, 404.0, 404.0, 400.0, 404.0, 404.0, 408.0, 404.0, 404.0, 404.0, 404.0]",0,1,0,Mid_vt,1
1,65,"[412.0, 416.0, 424.0, 420.0, 424.0, 420.0, 420.0, 424.0, 424.0, 420.0, 424.0, 420.0, 416.0, 420.0, 420.0, 416.0, 416.0, 420.0, 424.0, 416.0, 424.0, 428.0, 416.0, 424.0, 420.0, 420.0, 416.0, 416.0, 412.0, 408.0, 412.0, 412.0, 408.0, 408.0, 408.0, 408.0, 404.0, 404.0, 404.0, 400.0, 404.0, 404.0, 400.0, 404.0, 404.0, 408.0, 404.0, 404.0, 404.0, 404.0, 400.0, 404.0, 404.0, 400.0, 404.0, 408.0, 404.0, 404.0, 408.0, 408.0, 408.0, 408.0, 404.0, 408.0, 404.0, 400.0, 404.0, 400.0, 400.0, 396.0, 396.0, 396.0, 396.0, 396.0, 396.0, 392.0, 392.0, 392.0, 388.0, 388.0, 388.0, 388.0, 388.0, 384.0, 392.0, 388.0, 388.0, 388.0, 388.0, 388.0, 388.0, 392.0, 384.0, 388.0, 384.0, 384.0, 388.0, 384.0, 388.0, 388.0]",0,1,0,Mid_vt,1
1,80,"[388.0, 388.0, 388.0, 388.0, 392.0, 392.0, 392.0, 396.0, 392.0, 396.0, 396.0, 392.0, 392.0, 392.0, 392.0, 388.0, 388.0, 392.0, 388.0, 388.0, 388.0, 392.0, 388.0, 388.0, 392.0, 392.0, 388.0, 392.0, 392.0, 388.0, 392.0, 388.0, 392.0, 384.0, 392.0, 388.0, 388.0, 384.0, 388.0, 388.0, 384.0, 388.0, 388.0, 384.0, 388.0, 384.0, 384.0, 388.0, 384.0, 384.0, 388.0, 384.0, 388.0, 388.0, 384.0, 388.0, 388.0, 384.0, 388.0, 384.0, 388.0, 384.0, 384.0, 380.0, 384.0, 384.0, 384.0, 380.0, 384.0, 384.0, 384.0, 384.0, 384.0, 384.0, 384.0, 384.0, 388.0, 384.0, 384.0, 388.0, 388.0, 388.0, 392.0, 392.0, 396.0, 392.0, 396.0, 396.0, 396.0, 396.0, 396.0, 392.0, 396.0, 392.0, 388.0, 392.0, 392.0, 388.0, 388.0, 388.0]",0,1,0,Mid_vt,1
1,80,"[388.0, 384.0, 388.0, 388.0, 384.0, 388.0, 388.0, 384.0, 388.0, 384.0, 388.0, 384.0, 384.0, 380.0, 384.0, 384.0, 384.0, 380.0, 384.0, 384.0, 384.0, 384.0, 384.0, 384.0, 384.0, 384.0, 388.0, 384.0, 384.0, 388.0, 388.0, 388.0, 392.0, 392.0, 396.0, 392.0, 396.0, 396.0, 396.0, 396.0, 396.0, 392.0, 396.0, 392.0, 388.0, 392.0, 392.0, 388.0, 388.0, 388.0, 388.0, 384.0, 384.0, 384.0, 380.0, 384.0, 380.0, 376.0, 380.0, 380.0, 376.0, 376.0, 376.0, 376.0, 372.0, 376.0, 372.0, 376.0, 372.0, 372.0, 372.0, 368.0, 372.0, 372.0, 372.0, 372.0, 372.0, 380.0, 376.0, 384.0, 396.0, 400.0, 408.0, 400.0, 408.0, 416.0, 408.0, 404.0, 412.0, 416.0, 412.0, 408.0, 408.0, 408.0, 404.0, 400.0, 400.0, 400.0, 396.0, 396.0]",0,1,0,Mid_vt,1
1,95,"[408.0, 408.0, 408.0, 412.0, 408.0, 412.0, 408.0, 408.0, 412.0, 412.0, 420.0, 412.0, 412.0, 412.0, 408.0, 408.0, 408.0, 408.0, 408.0, 408.0, 388.0, 424.0, 408.0, 400.0, 404.0, 400.0, 400.0, 384.0, 420.0, 400.0, 408.0, 404.0, 404.0, 404.0, 404.0, 404.0, 400.0, 400.0, 396.0, 400.0, 392.0, 392.0, 396.0, 384.0, 392.0, 384.0, 388.0, 384.0, 384.0, 384.0, 380.0, 380.0, 384.0, 380.0, 380.0, 376.0, 376.0, 376.0, 376.0, 376.0, 376.0, 376.0, 380.0, 376.0, 380.0, 380.0, 376.0, 380.0, 376.0, 380.0, 380.0, 380.0, 376.0, 376.0, 376.0, 376.0, 372.0, 376.0, 372.0, 372.0, 368.0, 372.0, 368.0, 368.0, 364.0, 368.0, 372.0, 368.0, 368.0, 364.0, 368.0, 368.0, 372.0, 364.0, 368.0, 368.0, 364.0, 364.0, 368.0, 364.0]",0,1,0,Mid_vt,1
1,95,"[380.0, 380.0, 384.0, 380.0, 380.0, 376.0, 376.0, 376.0, 376.0, 376.0, 376.0, 376.0, 380.0, 376.0, 380.0, 380.0, 376.0, 380.0, 376.0, 380.0, 380.0, 380.0, 376.0, 376.0, 376.0, 376.0, 372.0, 376.0, 372.0, 372.0, 368.0, 372.0, 368.0, 368.0, 364.0, 368.0, 372.0, 368.0, 368.0, 364.0, 368.0, 368.0, 372.0, 364.0, 368.0, 368.0, 364.0, 364.0, 368.0, 364.0, 364.0, 364.0, 368.0, 364.0, 364.0, 364.0, 368.0, 364.0, 368.0, 368.0, 368.0, 372.0, 368.0, 368.0, 368.0, 368.0, 368.0, 364.0, 364.0, 364.0, 364.0, 368.0, 368.0, 372.0, 372.0, 368.0, 368.0, 372.0, 368.0, 376.0, 372.0, 372.0, 376.0, 376.0, 372.0, 376.0, 372.0, 376.0, 372.0, 372.0, 372.0, 372.0, 368.0, 368.0, 368.0, 364.0, 364.0, 360.0, 364.0, 360.0]",0,1,0,Mid_vt,1
1,110,"[360.0, 356.0, 356.0, 356.0, 356.0, 356.0, 356.0, 352.0, 356.0, 352.0, 352.0, 352.0, 352.0, 352.0, 348.0, 352.0, 348.0, 348.0, 352.0, 348.0, 348.0, 348.0, 348.0, 348.0, 348.0, 344.0, 348.0, 348.0, 348.0, 348.0, 348.0, 344.0, 348.0, 348.0, 344.0, 328.0, 364.0, 348.0, 348.0, 348.0, 344.0, 348.0, 348.0, 348.0, 348.0, 348.0, 348.0, 352.0, 348.0, 356.0, 352.0, 352.0, 352.0, 356.0, 356.0, 356.0, 352.0, 356.0, 356.0, 352.0, 356.0, 356.0, 356.0, 352.0, 352.0, 352.0, 356.0, 348.0, 356.0, 352.0, 348.0, 348.0, 352.0, 348.0, 348.0, 348.0, 348.0, 344.0, 348.0, 344.0, 344.0, 328.0, 368.0, 344.0, 344.0, 348.0, 344.0, 340.0, 344.0, 344.0, 344.0, 344.0, 340.0, 344.0, 340.0, 344.0, 340.0, 344.0, 344.0, 344.0]",0,1,0,Mid_vt,1
1,110,"[352.0, 352.0, 352.0, 356.0, 356.0, 356.0, 352.0, 356.0, 356.0, 352.0, 356.0, 356.0, 356.0, 352.0, 352.0, 352.0, 356.0, 348.0, 356.0, 352.0, 348.0, 348.0, 352.0, 348.0, 348.0, 348.0, 348.0, 344.0, 348.0, 344.0, 344.0, 328.0, 368.0, 344.0, 344.0, 348.0, 344.0, 340.0, 344.0, 344.0, 344.0, 344.0, 340.0, 344.0, 340.0, 344.0, 340.0, 344.0, 344.0, 344.0, 344.0, 344.0, 344.0, 344.0, 344.0, 344.0, 344.0, 344.0, 344.0, 340.0, 344.0, 344.0, 340.0, 344.0, 344.0, 340.0, 340.0, 340.0, 344.0, 340.0, 340.0, 340.0, 340.0, 340.0, 336.0, 340.0, 340.0, 340.0, 336.0, 340.0, 336.0, 340.0, 336.0, 340.0, 336.0, 336.0, 340.0, 336.0, 336.0, 340.0, 336.0, 336.0, 336.0, 332.0, 340.0, 328.0, 320.0, 352.0, 336.0, 332.0]",0,1,0,Mid_vt,1
1,125,"[336.0, 336.0, 336.0, 340.0, 336.0, 336.0, 336.0, 336.0, 340.0, 336.0, 336.0, 340.0, 336.0, 336.0, 336.0, 340.0, 340.0, 336.0, 336.0, 340.0, 340.0, 336.0, 336.0, 336.0, 340.0, 336.0, 336.0, 336.0, 336.0, 336.0, 332.0, 336.0, 336.0, 336.0, 332.0, 336.0, 332.0, 332.0, 336.0, 332.0, 332.0, 332.0, 332.0, 332.0, 332.0, 332.0, 328.0, 332.0, 336.0, 332.0, 332.0, 332.0, 332.0, 332.0, 328.0, 332.0, 336.0, 324.0, 336.0, 328.0, 332.0, 332.0, 332.0, 332.0, 328.0, 336.0, 328.0, 332.0, 332.0, 332.0, 332.0, 332.0, 332.0, 332.0, 332.0, 332.0, 332.0, 332.0, 332.0, 328.0, 328.0, 332.0, 336.0, 328.0, 332.0, 328.0, 332.0, 332.0, 328.0, 332.0, 332.0, 332.0, 332.0, 328.0, 332.0, 332.0, 332.0, 328.0, 332.0, 332.0]",0,1,0,Mid_vt,1
1,125,"[332.0, 332.0, 332.0, 332.0, 328.0, 332.0, 336.0, 324.0, 336.0, 328.0, 332.0, 332.0, 332.0, 332.0, 328.0, 336.0, 328.0, 332.0, 332.0, 332.0, 332.0, 332.0, 332.0, 332.0, 332.0, 332.0, 332.0, 332.0, 332.0, 328.0, 328.0, 332.0, 336.0, 328.0, 332.0, 328.0, 332.0, 332.0, 328.0, 332.0, 332.0, 332.0, 332.0, 328.0, 332.0, 332.0, 332.0, 328.0, 332.0, 332.0, 328.0, 328.0, 332.0, 328.0, 328.0, 332.0, 328.0, 328.0, 328.0, 328.0, 328.0, 328.0, 328.0, 328.0, 324.0, 328.0, 324.0, 328.0, 324.0, 324.0, 328.0, 324.0, 324.0, 324.0, 328.0, 324.0, 324.0, 324.0, 324.0, 324.0, 328.0, 324.0, 324.0, 324.0, 324.0, 328.0, 320.0, 324.0, 328.0, 324.0, 324.0, 324.0, 324.0, 324.0, 324.0, 324.0, 328.0, 324.0, 324.0, 320.0]",0,1,0,Mid_vt,1
1,155,"[316.0, 320.0, 316.0, 320.0, 316.0, 320.0, 316.0, 316.0, 320.0, 316.0, 316.0, 316.0, 320.0, 316.0, 320.0, 316.0, 316.0, 316.0, 316.0, 316.0, 316.0, 320.0, 316.0, 316.0, 316.0, 316.0, 316.0, 316.0, 320.0, 316.0, 316.0, 316.0, 316.0, 316.0, 316.0, 316.0, 316.0, 312.0, 316.0, 320.0, 312.0, 316.0, 316.0, 312.0, 316.0, 316.0, 316.0, 316.0, 316.0, 312.0, 320.0, 316.0, 316.0, 312.0, 320.0, 316.0, 312.0, 320.0, 316.0, 316.0, 316.0, 316.0, 316.0, 316.0, 316.0, 316.0, 316.0, 316.0, 312.0, 316.0, 316.0, 316.0, 316.0, 316.0, 312.0, 316.0, 316.0, 316.0, 312.0, 312.0, 316.0, 312.0, 312.0, 316.0, 308.0, 316.0, 312.0, 312.0, 312.0, 312.0, 312.0, 316.0, 312.0, 312.0, 312.0, 312.0, 316.0, 308.0, 316.0, 312.0]",0,0,1,Supra_vt2,1
1,155,"[320.0, 316.0, 316.0, 312.0, 320.0, 316.0, 312.0, 320.0, 316.0, 316.0, 316.0, 316.0, 316.0, 316.0, 316.0, 316.0, 316.0, 316.0, 312.0, 316.0, 316.0, 316.0, 316.0, 316.0, 312.0, 316.0, 316.0, 316.0, 312.0, 312.0, 316.0, 312.0, 312.0, 316.0, 308.0, 316.0, 312.0, 312.0, 312.0, 312.0, 312.0, 316.0, 312.0, 312.0, 312.0, 312.0, 316.0, 308.0, 316.0, 312.0, 312.0, 312.0, 312.0, 312.0, 312.0, 312.0, 312.0, 316.0, 308.0, 312.0, 312.0, 312.0, 312.0, 312.0, 312.0, 312.0, 312.0, 316.0, 312.0, 312.0, 312.0, 312.0, 312.0, 316.0, 312.0, 312.0, 316.0, 312.0, 312.0, 316.0, 312.0, 316.0, 312.0, 316.0, 308.0, 316.0, 312.0, 312.0, 316.0, 308.0, 316.0, 312.0, 312.0, 312.0, 312.0, 312.0, 312.0, 312.0, 316.0, 312.0]",0,0,1,Supra_vt2,1
1,170,"[312.0, 312.0, 312.0, 316.0, 308.0, 316.0, 312.0, 308.0, 316.0, 312.0, 308.0, 312.0, 316.0, 312.0, 312.0, 308.0, 316.0, 312.0, 308.0, 316.0, 312.0, 308.0, 308.0, 312.0, 312.0, 308.0, 312.0, 308.0, 308.0, 312.0, 312.0, 312.0, 308.0, 312.0, 312.0, 308.0, 316.0, 312.0, 312.0, 308.0, 316.0, 312.0, 312.0, 312.0, 312.0, 308.0, 312.0, 312.0, 312.0, 312.0, 312.0, 312.0, 308.0, 312.0, 308.0, 312.0, 312.0, 312.0, 308.0, 316.0, 308.0, 312.0, 308.0, 312.0, 312.0, 308.0, 312.0, 308.0, 312.0, 308.0, 316.0, 308.0, 308.0, 312.0, 308.0, 312.0, 308.0, 312.0, 308.0, 308.0, 312.0, 308.0, 312.0, 308.0, 308.0, 312.0, 308.0, 308.0, 312.0, 308.0, 312.0, 308.0, 312.0, 308.0, 308.0, 304.0, 308.0, 308.0, 308.0, 308.0]",0,0,1,Supra_vt2,1
2,50,"[668.0, 652.0, 652.0, 692.0, 684.0, 688.0, 652.0, 652.0, 636.0, 632.0, 620.0, 612.0, 636.0, 608.0, 604.0, 604.0, 584.0, 584.0, 580.0, 588.0, 572.0, 568.0, 576.0, 572.0, 556.0, 552.0, 556.0, 544.0, 540.0, 548.0, 536.0, 536.0, 540.0, 544.0, 536.0, 532.0, 544.0, 536.0, 528.0, 540.0, 536.0, 532.0, 540.0, 540.0, 540.0, 532.0, 532.0, 536.0, 540.0, 544.0, 544.0, 552.0, 548.0, 544.0, 572.0, 572.0, 552.0, 548.0, 552.0, 552.0, 536.0, 544.0, 536.0, 524.0, 528.0, 524.0, 512.0, 516.0, 516.0, 512.0, 500.0, 508.0, 504.0, 496.0, 500.0, 504.0, 500.0, 500.0, 500.0, 508.0, 492.0, 500.0, 504.0, 496.0, 496.0, 504.0, 496.0, 492.0, 496.0, 496.0, 496.0, 492.0, 500.0, 492.0, 492.0, 496.0, 496.0, 488.0, 496.0, 496.0]",1,0,0,Sub_vt1,0
2,50,"[544.0, 552.0, 548.0, 544.0, 572.0, 572.0, 552.0, 548.0, 552.0, 552.0, 536.0, 544.0, 536.0, 524.0, 528.0, 524.0, 512.0, 516.0, 516.0, 512.0, 500.0, 508.0, 504.0, 496.0, 500.0, 504.0, 500.0, 500.0, 500.0, 508.0, 492.0, 500.0, 504.0, 496.0, 496.0, 504.0, 496.0, 492.0, 496.0, 496.0, 496.0, 492.0, 500.0, 492.0, 492.0, 496.0, 496.0, 488.0, 496.0, 496.0, 492.0, 488.0, 484.0, 492.0, 492.0, 484.0, 480.0, 484.0, 480.0, 476.0, 480.0, 472.0, 468.0, 472.0, 468.0, 468.0, 468.0, 464.0, 468.0, 468.0, 460.0, 468.0, 460.0, 460.0, 464.0, 464.0, 460.0, 456.0, 460.0, 456.0, 452.0, 460.0, 460.0, 460.0, 452.0, 456.0, 460.0, 464.0, 460.0, 456.0, 456.0, 464.0, 464.0, 460.0, 456.0, 456.0, 464.0, 460.0, 452.0, 452.0]",1,0,0,Sub_vt1,0
2,50,"[492.0, 488.0, 484.0, 492.0, 492.0, 484.0, 480.0, 484.0, 480.0, 476.0, 480.0, 472.0, 468.0, 472.0, 468.0, 468.0, 468.0, 464.0, 468.0, 468.0, 460.0, 468.0, 460.0, 460.0, 464.0, 464.0, 460.0, 456.0, 460.0, 456.0, 452.0, 460.0, 460.0, 460.0, 452.0, 456.0, 460.0, 464.0, 460.0, 456.0, 456.0, 464.0, 464.0, 460.0, 456.0, 456.0, 464.0, 460.0, 452.0, 452.0, 460.0, 456.0, 452.0, 452.0, 456.0, 452.0, 448.0, 452.0, 452.0, 448.0, 444.0, 452.0, 448.0, 440.0, 444.0, 452.0, 444.0, 440.0, 448.0, 444.0, 448.0, 440.0, 448.0, 444.0, 444.0, 448.0, 448.0, 444.0, 440.0, 452.0, 452.0, 440.0, 452.0, 448.0, 448.0, 444.0, 448.0, 448.0, 444.0, 452.0, 452.0, 452.0, 448.0, 452.0, 452.0, 448.0, 452.0, 448.0, 444.0, 448.0]",1,0,0,Sub_vt1,0
2,50,"[460.0, 456.0, 452.0, 452.0, 456.0, 452.0, 448.0, 452.0, 452.0, 448.0, 444.0, 452.0, 448.0, 440.0, 444.0, 452.0, 444.0, 440.0, 448.0, 444.0, 448.0, 440.0, 448.0, 444.0, 444.0, 448.0, 448.0, 444.0, 440.0, 452.0, 452.0, 440.0, 452.0, 448.0, 448.0, 444.0, 448.0, 448.0, 444.0, 452.0, 452.0, 452.0, 448.0, 452.0, 452.0, 448.0, 452.0, 448.0, 444.0, 448.0, 444.0, 440.0, 444.0, 444.0, 440.0, 436.0, 444.0, 448.0, 460.0, 448.0, 448.0, 456.0, 460.0, 448.0, 456.0, 456.0, 460.0, 452.0, 448.0, 456.0, 460.0, 464.0, 452.0, 456.0, 460.0, 460.0, 452.0, 456.0, 456.0, 452.0, 448.0, 452.0, 452.0, 448.0, 448.0, 448.0, 444.0, 440.0, 444.0, 444.0, 440.0, 436.0, 440.0, 444.0, 452.0, 452.0, 448.0, 444.0, 448.0, 460.0]",1,0,0,Sub_vt1,0
2,50,"[444.0, 440.0, 444.0, 444.0, 440.0, 436.0, 444.0, 448.0, 460.0, 448.0, 448.0, 456.0, 460.0, 448.0, 456.0, 456.0, 460.0, 452.0, 448.0, 456.0, 460.0, 464.0, 452.0, 456.0, 460.0, 460.0, 452.0, 456.0, 456.0, 452.0, 448.0, 452.0, 452.0, 448.0, 448.0, 448.0, 444.0, 440.0, 444.0, 444.0, 440.0, 436.0, 440.0, 444.0, 452.0, 452.0, 448.0, 444.0, 448.0, 460.0, 464.0, 460.0, 464.0, 468.0, 460.0, 460.0, 464.0, 456.0, 452.0, 452.0, 456.0, 456.0, 444.0, 456.0, 456.0, 444.0, 456.0, 448.0, 444.0, 444.0, 448.0, 440.0, 444.0, 444.0, 444.0, 436.0, 444.0, 440.0, 436.0, 436.0, 440.0, 436.0, 432.0, 440.0, 444.0, 456.0, 436.0, 444.0, 448.0, 452.0, 440.0, 444.0, 452.0, 448.0, 456.0, 444.0, 452.0, 452.0, 452.0, 448.0]",1,0,0,Sub_vt1,0
2,65,"[468.0, 468.0, 456.0, 460.0, 456.0, 464.0, 460.0, 452.0, 460.0, 460.0, 460.0, 452.0, 456.0, 460.0, 464.0, 452.0, 460.0, 456.0, 460.0, 452.0, 460.0, 452.0, 448.0, 452.0, 452.0, 444.0, 448.0, 448.0, 444.0, 448.0, 444.0, 436.0, 440.0, 440.0, 448.0, 436.0, 444.0, 448.0, 444.0, 436.0, 448.0, 448.0, 448.0, 444.0, 444.0, 444.0, 440.0, 440.0, 440.0, 436.0, 436.0, 432.0, 432.0, 436.0, 428.0, 424.0, 428.0, 420.0, 424.0, 424.0, 420.0, 420.0, 424.0, 424.0, 420.0, 420.0, 424.0, 420.0, 416.0, 424.0, 420.0, 416.0, 420.0, 416.0, 416.0, 412.0, 416.0, 420.0, 412.0, 416.0, 412.0, 416.0, 416.0, 416.0, 408.0, 420.0, 416.0, 408.0, 412.0, 412.0, 416.0, 408.0, 420.0, 412.0, 416.0, 408.0, 416.0, 416.0, 416.0, 412.0]",1,0,0,Sub_vt1,0
2,95,"[380.0, 384.0, 380.0, 376.0, 380.0, 388.0, 380.0, 380.0, 380.0, 380.0, 384.0, 380.0, 384.0, 388.0, 388.0, 384.0, 384.0, 388.0, 388.0, 380.0, 384.0, 384.0, 380.0, 380.0, 380.0, 384.0, 376.0, 376.0, 380.0, 380.0, 372.0, 376.0, 376.0, 376.0, 372.0, 376.0, 372.0, 372.0, 372.0, 372.0, 372.0, 368.0, 376.0, 372.0, 372.0, 376.0, 372.0, 372.0, 372.0, 376.0, 372.0, 368.0, 372.0, 372.0, 368.0, 368.0, 368.0, 368.0, 368.0, 368.0, 368.0, 368.0, 372.0, 372.0, 364.0, 372.0, 372.0, 372.0, 372.0, 372.0, 372.0, 368.0, 372.0, 376.0, 368.0, 368.0, 372.0, 372.0, 368.0, 368.0, 372.0, 372.0, 364.0, 372.0, 372.0, 368.0, 372.0, 372.0, 372.0, 372.0, 372.0, 372.0, 368.0, 368.0, 372.0, 368.0, 368.0, 368.0, 368.0, 368.0]",0,1,0,Mid_vt,1
2,95,"[372.0, 368.0, 372.0, 372.0, 368.0, 368.0, 368.0, 368.0, 368.0, 368.0, 368.0, 368.0, 372.0, 372.0, 364.0, 372.0, 372.0, 372.0, 372.0, 372.0, 372.0, 368.0, 372.0, 376.0, 368.0, 368.0, 372.0, 372.0, 368.0, 368.0, 372.0, 372.0, 364.0, 372.0, 372.0, 368.0, 372.0, 372.0, 372.0, 372.0, 372.0, 372.0, 368.0, 368.0, 372.0, 368.0, 368.0, 368.0, 368.0, 368.0, 364.0, 368.0, 368.0, 364.0, 364.0, 368.0, 364.0, 360.0, 364.0, 368.0, 360.0, 360.0, 364.0, 364.0, 360.0, 360.0, 364.0, 364.0, 356.0, 360.0, 364.0, 360.0, 356.0, 364.0, 364.0, 356.0, 360.0, 360.0, 360.0, 356.0, 360.0, 364.0, 356.0, 356.0, 356.0, 364.0, 356.0, 356.0, 360.0, 364.0, 360.0, 356.0, 360.0, 364.0, 360.0, 360.0, 360.0, 368.0, 360.0, 360.0]",0,1,0,Mid_vt,1
2,110,"[360.0, 364.0, 356.0, 360.0, 364.0, 360.0, 356.0, 360.0, 360.0, 360.0, 356.0, 360.0, 360.0, 356.0, 356.0, 360.0, 356.0, 352.0, 360.0, 360.0, 360.0, 352.0, 360.0, 360.0, 360.0, 360.0, 356.0, 360.0, 364.0, 356.0, 360.0, 360.0, 360.0, 360.0, 356.0, 364.0, 356.0, 356.0, 360.0, 360.0, 356.0, 356.0, 360.0, 356.0, 356.0, 352.0, 360.0, 356.0, 352.0, 352.0, 356.0, 356.0, 352.0, 356.0, 360.0, 356.0, 352.0, 360.0, 356.0, 356.0, 356.0, 356.0, 356.0, 356.0, 352.0, 360.0, 352.0, 352.0, 356.0, 356.0, 356.0, 348.0, 356.0, 352.0, 352.0, 352.0, 356.0, 352.0, 352.0, 352.0, 352.0, 352.0, 348.0, 356.0, 352.0, 348.0, 352.0, 356.0, 352.0, 352.0, 352.0, 356.0, 352.0, 348.0, 352.0, 356.0, 352.0, 352.0, 352.0, 352.0]",0,1,0,Mid_vt,1
2,110,"[356.0, 356.0, 352.0, 356.0, 360.0, 356.0, 352.0, 360.0, 356.0, 356.0, 356.0, 356.0, 356.0, 356.0, 352.0, 360.0, 352.0, 352.0, 356.0, 356.0, 356.0, 348.0, 356.0, 352.0, 352.0, 352.0, 356.0, 352.0, 352.0, 352.0, 352.0, 352.0, 348.0, 356.0, 352.0, 348.0, 352.0, 356.0, 352.0, 352.0, 352.0, 356.0, 352.0, 348.0, 352.0, 356.0, 352.0, 352.0, 352.0, 352.0, 348.0, 352.0, 356.0, 352.0, 348.0, 352.0, 352.0, 352.0, 348.0, 352.0, 352.0, 352.0, 348.0, 352.0, 352.0, 356.0, 352.0, 348.0, 348.0, 356.0, 356.0, 348.0, 352.0, 356.0, 352.0, 348.0, 356.0, 356.0, 348.0, 352.0, 356.0, 352.0, 348.0, 352.0, 352.0, 352.0, 348.0, 352.0, 348.0, 348.0, 348.0, 352.0, 344.0, 348.0, 348.0, 348.0, 344.0, 348.0, 348.0, 348.0]",0,1,0,Mid_vt,1
3,50,"[684.0, 640.0, 624.0, 604.0, 596.0, 584.0, 576.0, 572.0, 564.0, 568.0, 564.0, 568.0, 564.0, 556.0, 556.0, 552.0, 556.0, 552.0, 540.0, 544.0, 544.0, 540.0, 544.0, 544.0, 552.0, 548.0, 544.0, 544.0, 536.0, 536.0, 540.0, 536.0, 532.0, 536.0, 528.0, 528.0, 532.0, 532.0, 532.0, 536.0, 540.0, 536.0, 540.0, 532.0, 536.0, 536.0, 524.0, 532.0, 532.0, 532.0, 532.0, 540.0, 532.0, 532.0, 540.0, 532.0, 532.0, 532.0, 532.0, 528.0, 528.0, 528.0, 540.0, 532.0, 532.0, 532.0, 532.0, 532.0, 532.0, 532.0, 532.0, 528.0, 528.0, 532.0, 528.0, 532.0, 528.0, 544.0, 532.0, 540.0, 540.0, 540.0, 540.0, 532.0, 536.0, 536.0, 532.0, 532.0, 532.0, 532.0, 532.0, 528.0, 520.0, 524.0, 520.0, 512.0, 520.0, 516.0, 516.0, 524.0]",1,0,0,Sub_vt1,0
3,50,"[532.0, 540.0, 532.0, 532.0, 540.0, 532.0, 532.0, 532.0, 532.0, 528.0, 528.0, 528.0, 540.0, 532.0, 532.0, 532.0, 532.0, 532.0, 532.0, 532.0, 532.0, 528.0, 528.0, 532.0, 528.0, 532.0, 528.0, 544.0, 532.0, 540.0, 540.0, 540.0, 540.0, 532.0, 536.0, 536.0, 532.0, 532.0, 532.0, 532.0, 532.0, 528.0, 520.0, 524.0, 520.0, 512.0, 520.0, 516.0, 516.0, 524.0, 520.0, 520.0, 520.0, 512.0, 512.0, 508.0, 508.0, 508.0, 508.0, 508.0, 512.0, 508.0, 516.0, 512.0, 524.0, 524.0, 524.0, 520.0, 520.0, 528.0, 532.0, 536.0, 528.0, 532.0, 520.0, 520.0, 520.0, 520.0, 524.0, 528.0, 524.0, 524.0, 524.0, 528.0, 524.0, 516.0, 516.0, 520.0, 520.0, 520.0, 524.0, 532.0, 512.0, 516.0, 512.0, 500.0, 508.0, 500.0, 508.0, 508.0]",1,0,0,Sub_vt1,0
3,50,"[520.0, 520.0, 520.0, 512.0, 512.0, 508.0, 508.0, 508.0, 508.0, 508.0, 512.0, 508.0, 516.0, 512.0, 524.0, 524.0, 524.0, 520.0, 520.0, 528.0, 532.0, 536.0, 528.0, 532.0, 520.0, 520.0, 520.0, 520.0, 524.0, 528.0, 524.0, 524.0, 524.0, 528.0, 524.0, 516.0, 516.0, 520.0, 520.0, 520.0, 524.0, 532.0, 512.0, 516.0, 512.0, 500.0, 508.0, 500.0, 508.0, 508.0, 512.0, 516.0, 520.0, 528.0, 528.0, 532.0, 532.0, 536.0, 540.0, 544.0, 548.0, 544.0, 548.0, 552.0, 548.0, 548.0, 548.0, 544.0, 544.0, 536.0, 532.0, 528.0, 524.0, 528.0, 532.0, 540.0, 548.0, 548.0, 556.0, 552.0, 544.0, 548.0, 552.0, 556.0, 552.0, 552.0, 548.0, 548.0, 544.0, 540.0, 540.0, 540.0, 540.0, 544.0, 544.0, 548.0, 544.0, 540.0, 536.0, 540.0]",1,0,0,Sub_vt1,0
3,50,"[512.0, 516.0, 520.0, 528.0, 528.0, 532.0, 532.0, 536.0, 540.0, 544.0, 548.0, 544.0, 548.0, 552.0, 548.0, 548.0, 548.0, 544.0, 544.0, 536.0, 532.0, 528.0, 524.0, 528.0, 532.0, 540.0, 548.0, 548.0, 556.0, 552.0, 544.0, 548.0, 552.0, 556.0, 552.0, 552.0, 548.0, 548.0, 544.0, 540.0, 540.0, 540.0, 540.0, 544.0, 544.0, 548.0, 544.0, 540.0, 536.0, 540.0, 532.0, 540.0, 532.0, 536.0, 540.0, 552.0, 556.0, 576.0, 584.0, 576.0, 592.0, 568.0, 568.0, 552.0, 544.0, 536.0, 524.0, 524.0, 524.0, 532.0, 540.0, 556.0, 556.0, 564.0, 576.0, 564.0, 568.0, 568.0, 556.0, 556.0, 556.0, 556.0, 552.0, 544.0, 544.0, 532.0, 536.0, 536.0, 536.0, 548.0, 552.0, 548.0, 548.0, 548.0, 540.0, 544.0, 540.0, 548.0, 548.0, 548.0]",1,0,0,Sub_vt1,0
3,50,"[532.0, 540.0, 532.0, 536.0, 540.0, 552.0, 556.0, 576.0, 584.0, 576.0, 592.0, 568.0, 568.0, 552.0, 544.0, 536.0, 524.0, 524.0, 524.0, 532.0, 540.0, 556.0, 556.0, 564.0, 576.0, 564.0, 568.0, 568.0, 556.0, 556.0, 556.0, 556.0, 552.0, 544.0, 544.0, 532.0, 536.0, 536.0, 536.0, 548.0, 552.0, 548.0, 548.0, 548.0, 540.0, 544.0, 540.0, 548.0, 548.0, 548.0, 540.0, 548.0, 544.0, 540.0, 528.0, 520.0, 516.0, 508.0, 512.0, 512.0, 516.0, 524.0, 528.0, 528.0, 536.0, 540.0, 544.0, 548.0, 556.0, 568.0, 584.0, 584.0, 572.0, 568.0, 556.0, 540.0, 540.0, 528.0, 524.0, 524.0, 524.0, 528.0, 536.0, 544.0, 560.0, 576.0, 576.0, 576.0, 572.0, 576.0, 568.0, 564.0, 564.0, 560.0, 556.0, 552.0, 552.0, 548.0, 548.0, 548.0]",1,0,0,Sub_vt1,0
3,65,"[540.0, 532.0, 528.0, 516.0, 524.0, 516.0, 516.0, 520.0, 520.0, 520.0, 524.0, 532.0, 536.0, 540.0, 548.0, 544.0, 548.0, 544.0, 540.0, 532.0, 520.0, 528.0, 520.0, 512.0, 520.0, 520.0, 512.0, 520.0, 520.0, 512.0, 520.0, 516.0, 520.0, 516.0, 516.0, 520.0, 516.0, 512.0, 520.0, 516.0, 508.0, 516.0, 516.0, 512.0, 516.0, 516.0, 508.0, 516.0, 516.0, 516.0, 520.0, 520.0, 524.0, 524.0, 524.0, 520.0, 520.0, 512.0, 504.0, 516.0, 512.0, 512.0, 524.0, 528.0, 524.0, 532.0, 532.0, 528.0, 536.0, 528.0, 528.0, 524.0, 528.0, 528.0, 532.0, 536.0, 540.0, 536.0, 536.0, 536.0, 536.0, 536.0, 536.0, 536.0, 528.0, 528.0, 520.0, 524.0, 528.0, 516.0, 520.0, 520.0, 512.0, 508.0, 508.0, 500.0, 500.0, 504.0, 508.0, 516.0]",1,0,0,Sub_vt1,0
3,80,"[536.0, 532.0, 536.0, 532.0, 532.0, 536.0, 528.0, 532.0, 536.0, 532.0, 536.0, 532.0, 528.0, 536.0, 532.0, 532.0, 536.0, 544.0, 552.0, 556.0, 548.0, 552.0, 540.0, 524.0, 524.0, 512.0, 508.0, 508.0, 508.0, 504.0, 508.0, 504.0, 504.0, 504.0, 512.0, 516.0, 512.0, 524.0, 520.0, 520.0, 520.0, 528.0, 528.0, 524.0, 524.0, 520.0, 520.0, 512.0, 504.0, 508.0, 504.0, 504.0, 508.0, 508.0, 508.0, 512.0, 516.0, 520.0, 528.0, 528.0, 536.0, 532.0, 528.0, 528.0, 528.0, 520.0, 524.0, 520.0, 516.0, 516.0, 512.0, 512.0, 512.0, 504.0, 504.0, 504.0, 500.0, 500.0, 508.0, 504.0, 508.0, 504.0, 504.0, 508.0, 508.0, 508.0, 508.0, 504.0, 508.0, 508.0, 508.0, 504.0, 508.0, 516.0, 508.0, 508.0, 520.0, 516.0, 520.0, 516.0]",1,0,0,Sub_vt1,0
3,95,"[524.0, 520.0, 520.0, 520.0, 508.0, 512.0, 508.0, 504.0, 508.0, 516.0, 508.0, 520.0, 528.0, 520.0, 524.0, 532.0, 532.0, 536.0, 532.0, 532.0, 532.0, 524.0, 528.0, 528.0, 524.0, 520.0, 520.0, 512.0, 516.0, 512.0, 508.0, 512.0, 508.0, 508.0, 508.0, 504.0, 500.0, 500.0, 492.0, 488.0, 492.0, 484.0, 488.0, 484.0, 492.0, 492.0, 492.0, 504.0, 504.0, 504.0, 508.0, 512.0, 508.0, 508.0, 504.0, 504.0, 504.0, 504.0, 504.0, 496.0, 504.0, 500.0, 496.0, 500.0, 500.0, 496.0, 504.0, 504.0, 504.0, 504.0, 512.0, 500.0, 504.0, 500.0, 500.0, 504.0, 508.0, 512.0, 516.0, 520.0, 516.0, 524.0, 524.0, 516.0, 516.0, 512.0, 516.0, 512.0, 508.0, 508.0, 508.0, 500.0, 492.0, 492.0, 492.0, 492.0, 492.0, 504.0, 504.0, 508.0]",1,0,0,Sub_vt1,0
3,110,"[500.0, 500.0, 500.0, 504.0, 504.0, 508.0, 504.0, 504.0, 504.0, 504.0, 504.0, 508.0, 504.0, 504.0, 508.0, 508.0, 508.0, 512.0, 508.0, 508.0, 508.0, 500.0, 500.0, 500.0, 496.0, 496.0, 500.0, 508.0, 504.0, 508.0, 504.0, 504.0, 500.0, 500.0, 500.0, 500.0, 496.0, 496.0, 492.0, 492.0, 492.0, 492.0, 492.0, 492.0, 496.0, 492.0, 500.0, 496.0, 508.0, 504.0, 508.0, 500.0, 504.0, 508.0, 504.0, 496.0, 516.0, 504.0, 512.0, 504.0, 508.0, 500.0, 492.0, 492.0, 484.0, 476.0, 476.0, 472.0, 468.0, 472.0, 480.0, 476.0, 488.0, 500.0, 500.0, 508.0, 520.0, 508.0, 512.0, 512.0, 508.0, 512.0, 504.0, 508.0, 500.0, 496.0, 500.0, 500.0, 492.0, 496.0, 496.0, 484.0, 492.0, 496.0, 488.0, 504.0, 504.0, 500.0, 508.0, 516.0]",1,0,0,Sub_vt1,0
3,125,"[504.0, 500.0, 504.0, 492.0, 496.0, 492.0, 488.0, 488.0, 492.0, 488.0, 492.0, 496.0, 488.0, 492.0, 488.0, 480.0, 484.0, 480.0, 476.0, 476.0, 472.0, 468.0, 472.0, 468.0, 460.0, 464.0, 460.0, 452.0, 460.0, 456.0, 456.0, 456.0, 460.0, 460.0, 460.0, 460.0, 460.0, 456.0, 460.0, 460.0, 456.0, 464.0, 456.0, 456.0, 460.0, 456.0, 456.0, 456.0, 456.0, 460.0, 460.0, 456.0, 452.0, 456.0, 456.0, 456.0, 456.0, 460.0, 456.0, 460.0, 452.0, 452.0, 452.0, 448.0, 444.0, 444.0, 452.0, 448.0, 448.0, 448.0, 452.0, 456.0, 460.0, 460.0, 464.0, 468.0, 468.0, 464.0, 468.0, 468.0, 464.0, 468.0, 464.0, 464.0, 464.0, 460.0, 464.0, 464.0, 460.0, 460.0, 468.0, 464.0, 468.0, 472.0, 472.0, 480.0, 476.0, 476.0, 476.0, 472.0]",1,0,0,Sub_vt1,0
3,140,"[472.0, 460.0, 464.0, 464.0, 464.0, 464.0, 464.0, 468.0, 472.0, 472.0, 476.0, 480.0, 480.0, 484.0, 476.0, 484.0, 476.0, 476.0, 480.0, 476.0, 476.0, 476.0, 472.0, 476.0, 476.0, 468.0, 468.0, 472.0, 468.0, 468.0, 472.0, 472.0, 472.0, 472.0, 472.0, 472.0, 476.0, 468.0, 468.0, 472.0, 468.0, 468.0, 468.0, 464.0, 460.0, 468.0, 460.0, 460.0, 460.0, 460.0, 460.0, 456.0, 464.0, 456.0, 456.0, 460.0, 456.0, 460.0, 460.0, 460.0, 460.0, 464.0, 460.0, 460.0, 464.0, 460.0, 460.0, 456.0, 452.0, 448.0, 448.0, 440.0, 440.0, 444.0, 436.0, 436.0, 436.0, 436.0, 440.0, 440.0, 440.0, 436.0, 440.0, 444.0, 440.0, 440.0, 444.0, 440.0, 436.0, 440.0, 436.0, 432.0, 436.0, 432.0, 432.0, 440.0, 436.0, 436.0, 436.0, 440.0]",1,0,0,Sub_vt1,0
3,170,"[444.0, 440.0, 444.0, 444.0, 444.0, 440.0, 444.0, 444.0, 444.0, 448.0, 448.0, 444.0, 448.0, 452.0, 448.0, 448.0, 448.0, 448.0, 452.0, 444.0, 448.0, 448.0, 444.0, 444.0, 448.0, 448.0, 444.0, 444.0, 444.0, 440.0, 440.0, 444.0, 444.0, 444.0, 444.0, 444.0, 444.0, 444.0, 448.0, 444.0, 440.0, 440.0, 440.0, 440.0, 440.0, 444.0, 448.0, 448.0, 448.0, 448.0, 448.0, 448.0, 452.0, 440.0, 448.0, 448.0, 444.0, 448.0, 452.0, 452.0, 452.0, 448.0, 448.0, 440.0, 448.0, 444.0, 440.0, 444.0, 444.0, 440.0, 448.0, 444.0, 440.0, 436.0, 440.0, 440.0, 440.0, 440.0, 440.0, 436.0, 440.0, 440.0, 440.0, 432.0, 440.0, 444.0, 436.0, 432.0, 440.0, 444.0, 440.0, 440.0, 444.0, 440.0, 444.0, 444.0, 440.0, 436.0, 440.0, 440.0]",0,1,0,Mid_vt,1
3,185,"[424.0, 416.0, 416.0, 416.0, 416.0, 408.0, 412.0, 412.0, 404.0, 404.0, 412.0, 404.0, 404.0, 408.0, 404.0, 400.0, 404.0, 400.0, 408.0, 400.0, 408.0, 404.0, 400.0, 404.0, 404.0, 408.0, 400.0, 400.0, 408.0, 404.0, 404.0, 400.0, 408.0, 400.0, 400.0, 404.0, 408.0, 396.0, 404.0, 404.0, 404.0, 404.0, 408.0, 408.0, 416.0, 416.0, 416.0, 420.0, 424.0, 420.0, 424.0, 420.0, 424.0, 420.0, 424.0, 424.0, 424.0, 424.0, 428.0, 424.0, 428.0, 424.0, 428.0, 428.0, 424.0, 428.0, 424.0, 428.0, 424.0, 428.0, 424.0, 428.0, 424.0, 424.0, 428.0, 424.0, 428.0, 424.0, 424.0, 428.0, 424.0, 420.0, 420.0, 416.0, 416.0, 412.0, 412.0, 412.0, 408.0, 404.0, 408.0, 404.0, 408.0, 404.0, 404.0, 404.0, 404.0, 408.0, 404.0, 404.0]",0,1,0,Mid_vt,1
3,200,"[408.0, 400.0, 408.0, 412.0, 408.0, 408.0, 412.0, 408.0, 408.0, 408.0, 408.0, 408.0, 404.0, 408.0, 404.0, 404.0, 400.0, 404.0, 400.0, 400.0, 400.0, 400.0, 396.0, 396.0, 396.0, 392.0, 396.0, 392.0, 392.0, 392.0, 400.0, 388.0, 396.0, 396.0, 400.0, 396.0, 400.0, 404.0, 400.0, 400.0, 404.0, 408.0, 400.0, 404.0, 404.0, 404.0, 400.0, 404.0, 404.0, 400.0, 400.0, 404.0, 404.0, 396.0, 400.0, 400.0, 404.0, 400.0, 400.0, 404.0, 400.0, 404.0, 400.0, 404.0, 404.0, 400.0, 400.0, 408.0, 396.0, 400.0, 404.0, 396.0, 400.0, 400.0, 400.0, 392.0, 400.0, 400.0, 400.0, 396.0, 400.0, 404.0, 400.0, 404.0, 404.0, 404.0, 408.0, 408.0, 408.0, 404.0, 404.0, 408.0, 408.0, 404.0, 408.0, 412.0, 408.0, 408.0, 404.0, 408.0]",0,1,0,Mid_vt,1
3,215,"[384.0, 392.0, 388.0, 384.0, 384.0, 388.0, 392.0, 388.0, 388.0, 388.0, 392.0, 388.0, 392.0, 392.0, 392.0, 388.0, 388.0, 392.0, 388.0, 388.0, 392.0, 388.0, 384.0, 388.0, 392.0, 388.0, 388.0, 388.0, 392.0, 392.0, 396.0, 392.0, 400.0, 396.0, 408.0, 404.0, 404.0, 404.0, 404.0, 404.0, 400.0, 404.0, 404.0, 404.0, 408.0, 404.0, 404.0, 404.0, 400.0, 404.0, 400.0, 400.0, 400.0, 400.0, 400.0, 404.0, 404.0, 404.0, 400.0, 404.0, 404.0, 404.0, 404.0, 404.0, 404.0, 396.0, 396.0, 400.0, 392.0, 392.0, 388.0, 392.0, 392.0, 384.0, 388.0, 388.0, 388.0, 388.0, 388.0, 392.0, 392.0, 392.0, 392.0, 400.0, 392.0, 392.0, 396.0, 392.0, 392.0, 388.0, 392.0, 388.0, 388.0, 388.0, 388.0, 384.0, 384.0, 384.0, 388.0, 380.0]",0,1,0,Mid_vt,1
3,215,"[400.0, 400.0, 400.0, 400.0, 400.0, 404.0, 404.0, 404.0, 400.0, 404.0, 404.0, 404.0, 404.0, 404.0, 404.0, 396.0, 396.0, 400.0, 392.0, 392.0, 388.0, 392.0, 392.0, 384.0, 388.0, 388.0, 388.0, 388.0, 388.0, 392.0, 392.0, 392.0, 392.0, 400.0, 392.0, 392.0, 396.0, 392.0, 392.0, 388.0, 392.0, 388.0, 388.0, 388.0, 388.0, 384.0, 384.0, 384.0, 388.0, 380.0, 380.0, 384.0, 384.0, 380.0, 380.0, 384.0, 380.0, 380.0, 380.0, 384.0, 380.0, 376.0, 380.0, 384.0, 380.0, 380.0, 380.0, 380.0, 380.0, 380.0, 380.0, 384.0, 376.0, 384.0, 380.0, 384.0, 380.0, 380.0, 384.0, 384.0, 380.0, 380.0, 384.0, 380.0, 384.0, 380.0, 384.0, 384.0, 384.0, 384.0, 388.0, 380.0, 384.0, 376.0, 392.0, 384.0, 388.0, 384.0, 388.0, 380.0]",0,1,0,Mid_vt,1
3,230,"[384.0, 384.0, 384.0, 384.0, 384.0, 384.0, 380.0, 380.0, 384.0, 384.0, 376.0, 380.0, 376.0, 376.0, 376.0, 376.0, 376.0, 376.0, 372.0, 376.0, 376.0, 372.0, 372.0, 376.0, 372.0, 372.0, 368.0, 376.0, 376.0, 368.0, 372.0, 372.0, 372.0, 372.0, 372.0, 376.0, 376.0, 372.0, 376.0, 380.0, 380.0, 376.0, 380.0, 384.0, 376.0, 384.0, 376.0, 388.0, 380.0, 384.0, 384.0, 384.0, 388.0, 388.0, 388.0, 396.0, 392.0, 396.0, 396.0, 396.0, 396.0, 404.0, 400.0, 400.0, 396.0, 404.0, 400.0, 400.0, 396.0, 400.0, 400.0, 396.0, 396.0, 400.0, 396.0, 400.0, 400.0, 396.0, 396.0, 396.0, 400.0, 396.0, 400.0, 400.0, 404.0, 404.0, 404.0, 408.0, 404.0, 408.0, 412.0, 412.0, 408.0, 412.0, 408.0, 408.0, 404.0, 408.0, 400.0, 408.0]",0,1,0,Mid_vt,1
3,230,"[384.0, 384.0, 388.0, 388.0, 388.0, 396.0, 392.0, 396.0, 396.0, 396.0, 396.0, 404.0, 400.0, 400.0, 396.0, 404.0, 400.0, 400.0, 396.0, 400.0, 400.0, 396.0, 396.0, 400.0, 396.0, 400.0, 400.0, 396.0, 396.0, 396.0, 400.0, 396.0, 400.0, 400.0, 404.0, 404.0, 404.0, 408.0, 404.0, 408.0, 412.0, 412.0, 408.0, 412.0, 408.0, 408.0, 404.0, 408.0, 400.0, 408.0, 404.0, 404.0, 404.0, 404.0, 404.0, 400.0, 404.0, 404.0, 400.0, 396.0, 400.0, 400.0, 396.0, 396.0, 396.0, 396.0, 392.0, 396.0, 396.0, 392.0, 392.0, 392.0, 392.0, 388.0, 388.0, 392.0, 388.0, 388.0, 384.0, 392.0, 380.0, 384.0, 388.0, 384.0, 384.0, 384.0, 384.0, 392.0, 388.0, 388.0, 392.0, 392.0, 388.0, 392.0, 392.0, 396.0, 388.0, 396.0, 396.0, 392.0]",0,1,0,Mid_vt,1
3,245,"[396.0, 392.0, 388.0, 392.0, 388.0, 384.0, 384.0, 388.0, 380.0, 380.0, 380.0, 384.0, 376.0, 376.0, 376.0, 380.0, 372.0, 372.0, 376.0, 376.0, 372.0, 372.0, 372.0, 376.0, 368.0, 368.0, 376.0, 372.0, 364.0, 372.0, 368.0, 372.0, 364.0, 368.0, 364.0, 368.0, 364.0, 364.0, 364.0, 368.0, 356.0, 368.0, 364.0, 364.0, 356.0, 364.0, 364.0, 364.0, 356.0, 360.0, 364.0, 364.0, 356.0, 360.0, 364.0, 360.0, 360.0, 360.0, 364.0, 360.0, 360.0, 360.0, 364.0, 364.0, 360.0, 360.0, 364.0, 364.0, 360.0, 360.0, 364.0, 364.0, 360.0, 360.0, 364.0, 364.0, 356.0, 364.0, 364.0, 360.0, 360.0, 364.0, 360.0, 364.0, 360.0, 360.0, 360.0, 364.0, 360.0, 360.0, 360.0, 364.0, 356.0, 356.0, 364.0, 360.0, 352.0, 360.0, 360.0, 360.0]",0,1,0,Mid_vt,1
3,245,"[364.0, 364.0, 356.0, 360.0, 364.0, 360.0, 360.0, 360.0, 364.0, 360.0, 360.0, 360.0, 364.0, 364.0, 360.0, 360.0, 364.0, 364.0, 360.0, 360.0, 364.0, 364.0, 360.0, 360.0, 364.0, 364.0, 356.0, 364.0, 364.0, 360.0, 360.0, 364.0, 360.0, 364.0, 360.0, 360.0, 360.0, 364.0, 360.0, 360.0, 360.0, 364.0, 356.0, 356.0, 364.0, 360.0, 352.0, 360.0, 360.0, 360.0, 352.0, 360.0, 356.0, 360.0, 352.0, 360.0, 360.0, 360.0, 356.0, 356.0, 360.0, 360.0, 356.0, 360.0, 360.0, 360.0, 356.0, 360.0, 360.0, 360.0, 356.0, 356.0, 360.0, 360.0, 356.0, 360.0, 360.0, 360.0, 356.0, 356.0, 360.0, 364.0, 356.0, 360.0, 360.0, 360.0, 360.0, 360.0, 360.0, 364.0, 360.0, 360.0, 360.0, 364.0, 360.0, 360.0, 360.0, 364.0, 356.0, 360.0]",0,1,0,Mid_vt,1
3,260,"[356.0, 360.0, 348.0, 356.0, 352.0, 356.0, 352.0, 352.0, 356.0, 352.0, 352.0, 352.0, 352.0, 356.0, 348.0, 352.0, 352.0, 356.0, 348.0, 348.0, 356.0, 352.0, 348.0, 352.0, 352.0, 352.0, 348.0, 348.0, 352.0, 352.0, 352.0, 348.0, 348.0, 352.0, 348.0, 348.0, 348.0, 352.0, 348.0, 344.0, 348.0, 352.0, 348.0, 348.0, 344.0, 352.0, 348.0, 348.0, 344.0, 352.0, 352.0, 344.0, 348.0, 348.0, 352.0, 344.0, 348.0, 348.0, 348.0, 348.0, 348.0, 348.0, 348.0, 348.0, 344.0, 348.0, 348.0, 348.0, 340.0, 352.0, 348.0, 348.0, 340.0, 344.0, 352.0, 348.0, 344.0, 344.0, 348.0, 348.0, 344.0, 344.0, 348.0, 348.0, 344.0, 344.0, 348.0, 348.0, 344.0, 344.0, 348.0, 344.0, 348.0, 340.0, 344.0, 348.0, 348.0, 340.0, 344.0, 348.0]",0,1,0,Mid_vt,1
3,260,"[352.0, 344.0, 348.0, 348.0, 352.0, 344.0, 348.0, 348.0, 348.0, 348.0, 348.0, 348.0, 348.0, 348.0, 344.0, 348.0, 348.0, 348.0, 340.0, 352.0, 348.0, 348.0, 340.0, 344.0, 352.0, 348.0, 344.0, 344.0, 348.0, 348.0, 344.0, 344.0, 348.0, 348.0, 344.0, 344.0, 348.0, 348.0, 344.0, 344.0, 348.0, 344.0, 348.0, 340.0, 344.0, 348.0, 348.0, 340.0, 344.0, 348.0, 344.0, 344.0, 344.0, 348.0, 344.0, 348.0, 340.0, 348.0, 348.0, 344.0, 344.0, 344.0, 348.0, 348.0, 344.0, 348.0, 348.0, 348.0, 344.0, 344.0, 348.0, 344.0, 348.0, 340.0, 348.0, 352.0, 344.0, 344.0, 348.0, 348.0, 348.0, 344.0, 344.0, 352.0, 348.0, 348.0, 344.0, 348.0, 348.0, 348.0, 344.0, 348.0, 352.0, 348.0, 344.0, 348.0, 348.0, 352.0, 344.0, 344.0]",0,1,0,Mid_vt,1
3,275,"[348.0, 344.0, 340.0, 348.0, 348.0, 340.0, 344.0, 348.0, 344.0, 344.0, 340.0, 348.0, 344.0, 340.0, 340.0, 344.0, 344.0, 340.0, 340.0, 344.0, 344.0, 340.0, 340.0, 344.0, 340.0, 340.0, 344.0, 340.0, 336.0, 340.0, 344.0, 340.0, 336.0, 340.0, 340.0, 340.0, 336.0, 336.0, 344.0, 340.0, 336.0, 336.0, 340.0, 344.0, 340.0, 336.0, 336.0, 340.0, 344.0, 336.0, 336.0, 344.0, 340.0, 336.0, 336.0, 340.0, 344.0, 336.0, 336.0, 340.0, 340.0, 340.0, 336.0, 336.0, 340.0, 340.0, 336.0, 340.0, 340.0, 344.0, 336.0, 344.0, 344.0, 344.0, 340.0, 340.0, 344.0, 344.0, 340.0, 340.0, 344.0, 344.0, 340.0, 340.0, 348.0, 344.0, 340.0, 344.0, 344.0, 344.0, 340.0, 348.0, 344.0, 340.0, 340.0, 348.0, 340.0, 344.0, 340.0, 344.0]",0,1,0,Mid_vt,1
3,275,"[336.0, 344.0, 340.0, 336.0, 336.0, 340.0, 344.0, 336.0, 336.0, 340.0, 340.0, 340.0, 336.0, 336.0, 340.0, 340.0, 336.0, 340.0, 340.0, 344.0, 336.0, 344.0, 344.0, 344.0, 340.0, 340.0, 344.0, 344.0, 340.0, 340.0, 344.0, 344.0, 340.0, 340.0, 348.0, 344.0, 340.0, 344.0, 344.0, 344.0, 340.0, 348.0, 344.0, 340.0, 340.0, 348.0, 340.0, 344.0, 340.0, 344.0, 340.0, 336.0, 340.0, 344.0, 344.0, 336.0, 340.0, 340.0, 344.0, 340.0, 336.0, 344.0, 344.0, 340.0, 336.0, 336.0, 344.0, 340.0, 336.0, 336.0, 344.0, 340.0, 336.0, 336.0, 340.0, 340.0, 336.0, 336.0, 340.0, 336.0, 336.0, 336.0, 340.0, 336.0, 332.0, 340.0, 336.0, 336.0, 336.0, 336.0, 336.0, 336.0, 336.0, 340.0, 332.0, 332.0, 340.0, 336.0, 332.0, 332.0]",0,1,0,Mid_vt,1
4,50,"[612.0, 588.0, 552.0, 536.0, 524.0, 524.0, 528.0, 524.0, 528.0, 520.0, 516.0, 508.0, 504.0, 500.0, 500.0, 496.0, 500.0, 496.0, 488.0, 492.0, 492.0, 492.0, 492.0, 480.0, 484.0, 480.0, 488.0, 492.0, 488.0, 488.0, 484.0, 476.0, 480.0, 480.0, 484.0, 484.0, 484.0, 476.0, 480.0, 472.0, 480.0, 480.0, 476.0, 468.0, 476.0, 468.0, 468.0, 480.0, 480.0, 480.0, 480.0, 472.0, 472.0, 468.0, 484.0, 480.0, 480.0, 468.0, 472.0, 484.0, 496.0, 492.0, 488.0, 480.0, 488.0, 484.0, 492.0, 484.0, 492.0, 480.0, 484.0, 500.0, 512.0, 520.0, 516.0, 504.0, 508.0, 516.0, 532.0, 528.0, 524.0, 512.0, 500.0, 492.0, 492.0, 504.0, 536.0, 548.0, 556.0, 536.0, 524.0, 508.0, 512.0, 512.0, 512.0, 516.0, 508.0, 500.0, 500.0, 500.0]",1,0,0,Sub_vt1,0
4,50,"[480.0, 472.0, 472.0, 468.0, 484.0, 480.0, 480.0, 468.0, 472.0, 484.0, 496.0, 492.0, 488.0, 480.0, 488.0, 484.0, 492.0, 484.0, 492.0, 480.0, 484.0, 500.0, 512.0, 520.0, 516.0, 504.0, 508.0, 516.0, 532.0, 528.0, 524.0, 512.0, 500.0, 492.0, 492.0, 504.0, 536.0, 548.0, 556.0, 536.0, 524.0, 508.0, 512.0, 512.0, 512.0, 516.0, 508.0, 500.0, 500.0, 500.0, 516.0, 512.0, 528.0, 520.0, 504.0, 512.0, 508.0, 508.0, 496.0, 504.0, 508.0, 504.0, 492.0, 496.0, 504.0, 516.0, 520.0, 512.0, 496.0, 496.0, 504.0, 512.0, 512.0, 508.0, 508.0, 516.0, 524.0, 520.0, 508.0, 496.0, 512.0, 532.0, 568.0, 556.0, 540.0, 540.0, 556.0, 544.0, 528.0, 512.0, 508.0, 500.0, 492.0, 480.0, 484.0, 480.0, 472.0, 480.0, 472.0, 464.0]",1,0,0,Sub_vt1,0
4,50,"[516.0, 512.0, 528.0, 520.0, 504.0, 512.0, 508.0, 508.0, 496.0, 504.0, 508.0, 504.0, 492.0, 496.0, 504.0, 516.0, 520.0, 512.0, 496.0, 496.0, 504.0, 512.0, 512.0, 508.0, 508.0, 516.0, 524.0, 520.0, 508.0, 496.0, 512.0, 532.0, 568.0, 556.0, 540.0, 540.0, 556.0, 544.0, 528.0, 512.0, 508.0, 500.0, 492.0, 480.0, 484.0, 480.0, 472.0, 480.0, 472.0, 464.0, 484.0, 476.0, 468.0, 472.0, 492.0, 532.0, 556.0, 564.0, 552.0, 580.0, 560.0, 536.0, 516.0, 516.0, 532.0, 544.0, 528.0, 512.0, 516.0, 524.0, 528.0, 520.0, 508.0, 508.0, 524.0, 552.0, 524.0, 512.0, 520.0, 520.0, 536.0, 528.0, 508.0, 500.0, 496.0, 496.0, 496.0, 488.0, 492.0, 504.0, 520.0, 536.0, 528.0, 516.0, 504.0, 508.0, 532.0, 532.0, 536.0, 524.0]",1,0,0,Sub_vt1,0
4,50,"[484.0, 476.0, 468.0, 472.0, 492.0, 532.0, 556.0, 564.0, 552.0, 580.0, 560.0, 536.0, 516.0, 516.0, 532.0, 544.0, 528.0, 512.0, 516.0, 524.0, 528.0, 520.0, 508.0, 508.0, 524.0, 552.0, 524.0, 512.0, 520.0, 520.0, 536.0, 528.0, 508.0, 500.0, 496.0, 496.0, 496.0, 488.0, 492.0, 504.0, 520.0, 536.0, 528.0, 516.0, 504.0, 508.0, 532.0, 532.0, 536.0, 524.0, 508.0, 500.0, 488.0, 492.0, 500.0, 520.0, 512.0, 504.0, 500.0, 508.0, 524.0, 536.0, 520.0, 512.0, 500.0, 496.0, 500.0, 536.0, 568.0, 548.0, 536.0, 520.0, 508.0, 496.0, 488.0, 484.0, 492.0, 492.0, 492.0, 476.0, 484.0, 480.0, 496.0, 504.0, 528.0, 524.0, 512.0, 492.0, 488.0, 484.0, 532.0, 564.0, 576.0, 540.0, 508.0, 492.0, 484.0, 476.0, 480.0, 476.0]",1,0,0,Sub_vt1,0
4,50,"[508.0, 500.0, 488.0, 492.0, 500.0, 520.0, 512.0, 504.0, 500.0, 508.0, 524.0, 536.0, 520.0, 512.0, 500.0, 496.0, 500.0, 536.0, 568.0, 548.0, 536.0, 520.0, 508.0, 496.0, 488.0, 484.0, 492.0, 492.0, 492.0, 476.0, 484.0, 480.0, 496.0, 504.0, 528.0, 524.0, 512.0, 492.0, 488.0, 484.0, 532.0, 564.0, 576.0, 540.0, 508.0, 492.0, 484.0, 476.0, 480.0, 476.0, 484.0, 468.0, 468.0, 464.0, 464.0, 464.0, 460.0, 460.0, 460.0, 464.0, 472.0, 476.0, 472.0, 468.0, 464.0, 472.0, 480.0, 476.0, 468.0, 468.0, 464.0, 468.0, 496.0, 496.0, 496.0, 484.0, 484.0, 472.0, 476.0, 476.0, 476.0, 468.0, 468.0, 460.0, 460.0, 464.0, 472.0, 480.0, 484.0, 476.0, 472.0, 460.0, 480.0, 472.0, 480.0, 476.0, 468.0, 468.0, 468.0, 472.0]",1,0,0,Sub_vt1,0
4,50,"[484.0, 468.0, 468.0, 464.0, 464.0, 464.0, 460.0, 460.0, 460.0, 464.0, 472.0, 476.0, 472.0, 468.0, 464.0, 472.0, 480.0, 476.0, 468.0, 468.0, 464.0, 468.0, 496.0, 496.0, 496.0, 484.0, 484.0, 472.0, 476.0, 476.0, 476.0, 468.0, 468.0, 460.0, 460.0, 464.0, 472.0, 480.0, 484.0, 476.0, 472.0, 460.0, 480.0, 472.0, 480.0, 476.0, 468.0, 468.0, 468.0, 472.0, 488.0, 492.0, 488.0, 480.0, 476.0, 468.0, 472.0, 472.0, 468.0, 464.0, 464.0, 460.0, 476.0, 488.0, 492.0, 488.0, 480.0, 484.0, 488.0, 488.0, 480.0, 480.0, 472.0, 476.0, 484.0, 496.0, 492.0, 484.0, 480.0, 472.0, 472.0, 460.0, 460.0, 460.0, 464.0, 464.0, 464.0, 460.0, 468.0, 480.0, 500.0, 496.0, 488.0, 484.0, 484.0, 488.0, 476.0, 480.0, 468.0, 464.0]",1,0,0,Sub_vt1,0
4,65,"[464.0, 460.0, 460.0, 444.0, 460.0, 456.0, 448.0, 448.0, 448.0, 444.0, 456.0, 448.0, 452.0, 444.0, 452.0, 452.0, 456.0, 456.0, 448.0, 448.0, 452.0, 452.0, 444.0, 448.0, 444.0, 444.0, 444.0, 452.0, 476.0, 480.0, 476.0, 472.0, 468.0, 464.0, 468.0, 472.0, 468.0, 452.0, 460.0, 464.0, 460.0, 456.0, 456.0, 452.0, 448.0, 460.0, 452.0, 448.0, 448.0, 448.0, 456.0, 456.0, 456.0, 452.0, 464.0, 476.0, 484.0, 492.0, 484.0, 476.0, 468.0, 464.0, 468.0, 472.0, 476.0, 468.0, 464.0, 460.0, 452.0, 468.0, 464.0, 468.0, 464.0, 460.0, 460.0, 452.0, 460.0, 460.0, 464.0, 460.0, 460.0, 460.0, 456.0, 456.0, 476.0, 476.0, 480.0, 472.0, 468.0, 468.0, 476.0, 476.0, 472.0, 464.0, 468.0, 460.0, 464.0, 460.0, 460.0, 460.0]",1,0,0,Sub_vt1,0
4,80,"[448.0, 444.0, 444.0, 444.0, 440.0, 440.0, 444.0, 444.0, 444.0, 444.0, 440.0, 460.0, 464.0, 476.0, 476.0, 468.0, 472.0, 484.0, 492.0, 484.0, 476.0, 464.0, 464.0, 468.0, 460.0, 460.0, 456.0, 456.0, 444.0, 440.0, 440.0, 440.0, 440.0, 448.0, 440.0, 452.0, 456.0, 500.0, 544.0, 564.0, 524.0, 500.0, 496.0, 508.0, 492.0, 484.0, 468.0, 480.0, 484.0, 480.0, 468.0, 464.0, 456.0, 464.0, 464.0, 456.0, 452.0, 444.0, 452.0, 452.0, 452.0, 448.0, 452.0, 456.0, 456.0, 460.0, 460.0, 452.0, 448.0, 456.0, 460.0, 464.0, 456.0, 460.0, 448.0, 456.0, 456.0, 456.0, 452.0, 448.0, 448.0, 452.0, 464.0, 468.0, 468.0, 468.0, 460.0, 460.0, 448.0, 456.0, 460.0, 460.0, 460.0, 456.0, 468.0, 468.0, 472.0, 464.0, 468.0, 460.0]",1,0,0,Sub_vt1,0
4,95,"[480.0, 468.0, 468.0, 464.0, 460.0, 468.0, 456.0, 452.0, 444.0, 452.0, 456.0, 452.0, 448.0, 448.0, 448.0, 456.0, 456.0, 456.0, 448.0, 456.0, 456.0, 460.0, 456.0, 460.0, 456.0, 452.0, 456.0, 464.0, 456.0, 452.0, 456.0, 456.0, 456.0, 452.0, 448.0, 448.0, 448.0, 452.0, 448.0, 444.0, 444.0, 444.0, 448.0, 456.0, 456.0, 452.0, 448.0, 456.0, 460.0, 456.0, 456.0, 452.0, 456.0, 452.0, 464.0, 476.0, 472.0, 468.0, 460.0, 456.0, 452.0, 448.0, 444.0, 444.0, 448.0, 456.0, 448.0, 456.0, 448.0, 448.0, 444.0, 452.0, 452.0, 452.0, 468.0, 456.0, 452.0, 456.0, 460.0, 464.0, 472.0, 468.0, 464.0, 464.0, 468.0, 468.0, 460.0, 472.0, 460.0, 456.0, 452.0, 452.0, 448.0, 456.0, 460.0, 460.0, 456.0, 452.0, 452.0, 460.0]",1,0,0,Sub_vt1,0
4,110,"[444.0, 440.0, 440.0, 436.0, 444.0, 440.0, 436.0, 440.0, 440.0, 448.0, 440.0, 436.0, 444.0, 444.0, 444.0, 444.0, 452.0, 444.0, 440.0, 440.0, 440.0, 440.0, 436.0, 448.0, 444.0, 436.0, 440.0, 432.0, 436.0, 436.0, 448.0, 444.0, 444.0, 436.0, 444.0, 440.0, 452.0, 460.0, 464.0, 464.0, 460.0, 456.0, 464.0, 476.0, 480.0, 484.0, 472.0, 464.0, 460.0, 452.0, 452.0, 456.0, 460.0, 452.0, 456.0, 452.0, 452.0, 444.0, 448.0, 448.0, 464.0, 468.0, 468.0, 464.0, 460.0, 456.0, 452.0, 456.0, 456.0, 452.0, 452.0, 448.0, 448.0, 444.0, 452.0, 452.0, 460.0, 448.0, 456.0, 448.0, 444.0, 440.0, 460.0, 440.0, 452.0, 444.0, 452.0, 444.0, 464.0, 452.0, 452.0, 448.0, 456.0, 456.0, 464.0, 456.0, 456.0, 448.0, 452.0, 456.0]",1,0,0,Sub_vt1,0
4,125,"[440.0, 436.0, 436.0, 432.0, 428.0, 424.0, 436.0, 428.0, 424.0, 432.0, 432.0, 436.0, 436.0, 432.0, 440.0, 444.0, 456.0, 456.0, 448.0, 448.0, 456.0, 456.0, 456.0, 456.0, 460.0, 464.0, 460.0, 460.0, 452.0, 456.0, 464.0, 456.0, 468.0, 460.0, 452.0, 444.0, 444.0, 440.0, 444.0, 444.0, 440.0, 444.0, 440.0, 468.0, 500.0, 528.0, 512.0, 492.0, 476.0, 464.0, 464.0, 468.0, 456.0, 456.0, 444.0, 444.0, 436.0, 452.0, 436.0, 448.0, 436.0, 444.0, 444.0, 444.0, 444.0, 436.0, 444.0, 452.0, 452.0, 456.0, 448.0, 448.0, 456.0, 456.0, 448.0, 448.0, 440.0, 444.0, 440.0, 440.0, 440.0, 432.0, 436.0, 428.0, 424.0, 440.0, 428.0, 432.0, 428.0, 428.0, 424.0, 428.0, 420.0, 424.0, 424.0, 428.0, 424.0, 424.0, 424.0, 428.0]",1,0,0,Sub_vt1,0
4,140,"[424.0, 424.0, 420.0, 416.0, 432.0, 424.0, 420.0, 416.0, 428.0, 420.0, 428.0, 424.0, 420.0, 424.0, 424.0, 420.0, 416.0, 420.0, 420.0, 416.0, 416.0, 416.0, 416.0, 412.0, 416.0, 416.0, 416.0, 420.0, 412.0, 420.0, 416.0, 420.0, 420.0, 424.0, 420.0, 424.0, 424.0, 416.0, 424.0, 412.0, 428.0, 420.0, 420.0, 412.0, 420.0, 420.0, 412.0, 424.0, 416.0, 412.0, 420.0, 416.0, 420.0, 416.0, 412.0, 412.0, 420.0, 428.0, 440.0, 436.0, 428.0, 428.0, 424.0, 424.0, 432.0, 428.0, 424.0, 424.0, 424.0, 420.0, 412.0, 412.0, 416.0, 408.0, 404.0, 416.0, 404.0, 404.0, 404.0, 404.0, 396.0, 412.0, 408.0, 404.0, 404.0, 408.0, 416.0, 416.0, 420.0, 416.0, 416.0, 416.0, 416.0, 408.0, 420.0, 420.0, 424.0, 412.0, 428.0, 416.0]",1,0,0,Sub_vt1,0
4,155,"[424.0, 428.0, 420.0, 424.0, 420.0, 428.0, 432.0, 428.0, 428.0, 424.0, 420.0, 420.0, 424.0, 424.0, 420.0, 424.0, 420.0, 416.0, 420.0, 416.0, 416.0, 412.0, 412.0, 404.0, 412.0, 408.0, 408.0, 412.0, 404.0, 408.0, 404.0, 412.0, 412.0, 420.0, 412.0, 416.0, 420.0, 420.0, 424.0, 420.0, 420.0, 412.0, 412.0, 420.0, 420.0, 420.0, 416.0, 416.0, 412.0, 412.0, 404.0, 412.0, 404.0, 408.0, 400.0, 404.0, 404.0, 404.0, 408.0, 404.0, 404.0, 400.0, 400.0, 408.0, 408.0, 408.0, 412.0, 412.0, 408.0, 412.0, 404.0, 412.0, 424.0, 436.0, 436.0, 428.0, 428.0, 416.0, 424.0, 416.0, 412.0, 408.0, 416.0, 416.0, 408.0, 412.0, 408.0, 404.0, 408.0, 408.0, 404.0, 408.0, 408.0, 408.0, 404.0, 412.0, 412.0, 412.0, 412.0, 412.0]",1,0,0,Sub_vt1,0
4,170,"[404.0, 408.0, 404.0, 404.0, 400.0, 408.0, 408.0, 404.0, 408.0, 404.0, 404.0, 408.0, 400.0, 400.0, 404.0, 400.0, 400.0, 400.0, 396.0, 396.0, 392.0, 404.0, 396.0, 404.0, 400.0, 404.0, 396.0, 396.0, 404.0, 404.0, 404.0, 404.0, 396.0, 412.0, 400.0, 408.0, 408.0, 404.0, 408.0, 404.0, 396.0, 408.0, 396.0, 400.0, 400.0, 396.0, 396.0, 396.0, 392.0, 400.0, 400.0, 400.0, 396.0, 400.0, 404.0, 396.0, 400.0, 404.0, 412.0, 408.0, 408.0, 404.0, 408.0, 416.0, 412.0, 420.0, 416.0, 416.0, 416.0, 412.0, 416.0, 412.0, 408.0, 412.0, 404.0, 412.0, 400.0, 408.0, 404.0, 408.0, 400.0, 412.0, 400.0, 408.0, 408.0, 416.0, 412.0, 412.0, 412.0, 412.0, 412.0, 412.0, 412.0, 408.0, 408.0, 400.0, 420.0, 408.0, 412.0, 412.0]",1,0,0,Sub_vt1,0
4,185,"[408.0, 408.0, 400.0, 408.0, 404.0, 408.0, 404.0, 408.0, 404.0, 408.0, 404.0, 400.0, 404.0, 404.0, 404.0, 404.0, 404.0, 396.0, 400.0, 404.0, 400.0, 404.0, 408.0, 404.0, 400.0, 404.0, 400.0, 412.0, 412.0, 416.0, 412.0, 412.0, 408.0, 412.0, 404.0, 424.0, 416.0, 436.0, 424.0, 424.0, 420.0, 420.0, 412.0, 408.0, 428.0, 424.0, 420.0, 424.0, 416.0, 416.0, 412.0, 420.0, 420.0, 420.0, 408.0, 424.0, 412.0, 412.0, 412.0, 416.0, 416.0, 416.0, 412.0, 416.0, 412.0, 408.0, 412.0, 412.0, 412.0, 412.0, 412.0, 412.0, 400.0, 416.0, 404.0, 408.0, 404.0, 404.0, 404.0, 400.0, 400.0, 404.0, 400.0, 404.0, 408.0, 400.0, 404.0, 404.0, 412.0, 412.0, 408.0, 412.0, 404.0, 408.0, 404.0, 404.0, 400.0, 408.0, 400.0, 404.0]",1,0,0,Sub_vt1,0
4,185,"[412.0, 420.0, 420.0, 420.0, 408.0, 424.0, 412.0, 412.0, 412.0, 416.0, 416.0, 416.0, 412.0, 416.0, 412.0, 408.0, 412.0, 412.0, 412.0, 412.0, 412.0, 412.0, 400.0, 416.0, 404.0, 408.0, 404.0, 404.0, 404.0, 400.0, 400.0, 404.0, 400.0, 404.0, 408.0, 400.0, 404.0, 404.0, 412.0, 412.0, 408.0, 412.0, 404.0, 408.0, 404.0, 404.0, 400.0, 408.0, 400.0, 404.0, 396.0, 400.0, 400.0, 400.0, 392.0, 408.0, 396.0, 396.0, 396.0, 400.0, 396.0, 404.0, 396.0, 396.0, 404.0, 400.0, 404.0, 400.0, 400.0, 404.0, 396.0, 400.0, 404.0, 400.0, 404.0, 400.0, 404.0, 392.0, 400.0, 400.0, 400.0, 396.0, 396.0, 400.0, 400.0, 400.0, 400.0, 404.0, 404.0, 408.0, 408.0, 396.0, 408.0, 412.0, 404.0, 408.0, 400.0, 412.0, 408.0, 408.0]",1,0,0,Sub_vt1,0
4,200,"[400.0, 408.0, 404.0, 412.0, 408.0, 408.0, 404.0, 404.0, 416.0, 436.0, 440.0, 436.0, 428.0, 424.0, 428.0, 448.0, 432.0, 424.0, 428.0, 424.0, 428.0, 420.0, 420.0, 412.0, 416.0, 420.0, 416.0, 412.0, 420.0, 412.0, 416.0, 416.0, 416.0, 416.0, 408.0, 412.0, 416.0, 416.0, 412.0, 412.0, 408.0, 424.0, 416.0, 416.0, 412.0, 416.0, 412.0, 416.0, 416.0, 408.0, 412.0, 416.0, 416.0, 416.0, 416.0, 412.0, 424.0, 428.0, 424.0, 416.0, 420.0, 424.0, 424.0, 424.0, 416.0, 420.0, 424.0, 420.0, 420.0, 416.0, 412.0, 416.0, 416.0, 416.0, 412.0, 420.0, 412.0, 412.0, 408.0, 424.0, 428.0, 428.0, 428.0, 428.0, 428.0, 432.0, 432.0, 428.0, 432.0, 424.0, 424.0, 428.0, 428.0, 420.0, 420.0, 416.0, 416.0, 416.0, 420.0, 420.0]",1,0,0,Sub_vt1,0
4,230,"[388.0, 380.0, 384.0, 380.0, 388.0, 384.0, 384.0, 384.0, 388.0, 380.0, 380.0, 384.0, 388.0, 380.0, 384.0, 388.0, 384.0, 380.0, 380.0, 388.0, 388.0, 384.0, 388.0, 384.0, 384.0, 380.0, 376.0, 380.0, 372.0, 384.0, 380.0, 376.0, 376.0, 372.0, 376.0, 376.0, 376.0, 376.0, 376.0, 372.0, 368.0, 376.0, 376.0, 376.0, 376.0, 372.0, 380.0, 372.0, 376.0, 372.0, 372.0, 376.0, 376.0, 372.0, 376.0, 376.0, 372.0, 372.0, 368.0, 372.0, 372.0, 368.0, 372.0, 368.0, 368.0, 368.0, 368.0, 368.0, 368.0, 364.0, 368.0, 368.0, 364.0, 368.0, 368.0, 368.0, 368.0, 368.0, 364.0, 364.0, 372.0, 364.0, 368.0, 368.0, 364.0, 360.0, 368.0, 360.0, 372.0, 364.0, 368.0, 360.0, 364.0, 368.0, 360.0, 364.0, 364.0, 364.0, 356.0, 360.0]",0,1,0,Mid_vt,1
4,230,"[372.0, 376.0, 376.0, 372.0, 376.0, 376.0, 372.0, 372.0, 368.0, 372.0, 372.0, 368.0, 372.0, 368.0, 368.0, 368.0, 368.0, 368.0, 368.0, 364.0, 368.0, 368.0, 364.0, 368.0, 368.0, 368.0, 368.0, 368.0, 364.0, 364.0, 372.0, 364.0, 368.0, 368.0, 364.0, 360.0, 368.0, 360.0, 372.0, 364.0, 368.0, 360.0, 364.0, 368.0, 360.0, 364.0, 364.0, 364.0, 356.0, 360.0, 364.0, 360.0, 360.0, 356.0, 356.0, 360.0, 356.0, 356.0, 356.0, 360.0, 352.0, 352.0, 356.0, 352.0, 356.0, 356.0, 352.0, 352.0, 352.0, 352.0, 352.0, 356.0, 352.0, 344.0, 356.0, 348.0, 352.0, 352.0, 352.0, 352.0, 348.0, 348.0, 352.0, 348.0, 356.0, 348.0, 348.0, 340.0, 360.0, 348.0, 352.0, 348.0, 348.0, 348.0, 352.0, 348.0, 352.0, 348.0, 352.0, 352.0]",0,1,0,Mid_vt,1
4,245,"[344.0, 348.0, 348.0, 352.0, 344.0, 356.0, 336.0, 356.0, 348.0, 340.0, 360.0, 344.0, 348.0, 348.0, 348.0, 348.0, 348.0, 348.0, 348.0, 348.0, 344.0, 348.0, 344.0, 348.0, 348.0, 352.0, 344.0, 348.0, 344.0, 348.0, 348.0, 348.0, 340.0, 348.0, 344.0, 348.0, 340.0, 336.0, 348.0, 344.0, 340.0, 348.0, 336.0, 332.0, 348.0, 340.0, 340.0, 344.0, 336.0, 340.0, 340.0, 340.0, 340.0, 340.0, 336.0, 340.0, 336.0, 336.0, 340.0, 340.0, 336.0, 340.0, 336.0, 332.0, 344.0, 344.0, 336.0, 336.0, 340.0, 340.0, 336.0, 344.0, 340.0, 344.0, 336.0, 344.0, 340.0, 344.0, 340.0, 348.0, 340.0, 344.0, 340.0, 348.0, 340.0, 348.0, 344.0, 344.0, 344.0, 344.0, 344.0, 348.0, 348.0, 344.0, 344.0, 344.0, 348.0, 348.0, 344.0, 348.0]",0,1,0,Mid_vt,1
4,245,"[340.0, 340.0, 340.0, 340.0, 336.0, 340.0, 336.0, 336.0, 340.0, 340.0, 336.0, 340.0, 336.0, 332.0, 344.0, 344.0, 336.0, 336.0, 340.0, 340.0, 336.0, 344.0, 340.0, 344.0, 336.0, 344.0, 340.0, 344.0, 340.0, 348.0, 340.0, 344.0, 340.0, 348.0, 340.0, 348.0, 344.0, 344.0, 344.0, 344.0, 344.0, 348.0, 348.0, 344.0, 344.0, 344.0, 348.0, 348.0, 344.0, 348.0, 348.0, 344.0, 348.0, 344.0, 348.0, 348.0, 348.0, 348.0, 344.0, 344.0, 348.0, 344.0, 348.0, 348.0, 348.0, 348.0, 344.0, 344.0, 344.0, 344.0, 348.0, 344.0, 340.0, 340.0, 344.0, 340.0, 348.0, 340.0, 340.0, 344.0, 340.0, 344.0, 344.0, 340.0, 336.0, 344.0, 340.0, 340.0, 344.0, 340.0, 336.0, 340.0, 340.0, 340.0, 340.0, 336.0, 336.0, 340.0, 340.0, 340.0]",0,1,0,Mid_vt,1
4,260,"[340.0, 336.0, 336.0, 336.0, 332.0, 336.0, 336.0, 332.0, 340.0, 332.0, 332.0, 336.0, 332.0, 336.0, 336.0, 332.0, 332.0, 332.0, 332.0, 336.0, 336.0, 332.0, 332.0, 332.0, 336.0, 332.0, 336.0, 332.0, 332.0, 332.0, 332.0, 332.0, 328.0, 340.0, 332.0, 332.0, 336.0, 320.0, 348.0, 332.0, 332.0, 332.0, 336.0, 336.0, 336.0, 328.0, 336.0, 332.0, 332.0, 332.0, 336.0, 332.0, 332.0, 332.0, 336.0, 332.0, 332.0, 336.0, 332.0, 332.0, 332.0, 336.0, 332.0, 336.0, 332.0, 332.0, 332.0, 336.0, 332.0, 336.0, 336.0, 332.0, 332.0, 336.0, 332.0, 336.0, 336.0, 336.0, 332.0, 332.0, 324.0, 340.0, 336.0, 332.0, 328.0, 332.0, 332.0, 332.0, 336.0, 328.0, 332.0, 328.0, 336.0, 332.0, 336.0, 328.0, 332.0, 328.0, 336.0, 332.0]",0,1,0,Mid_vt,1
4,260,"[336.0, 332.0, 332.0, 332.0, 336.0, 332.0, 332.0, 336.0, 332.0, 332.0, 332.0, 336.0, 332.0, 336.0, 332.0, 332.0, 332.0, 336.0, 332.0, 336.0, 336.0, 332.0, 332.0, 336.0, 332.0, 336.0, 336.0, 336.0, 332.0, 332.0, 324.0, 340.0, 336.0, 332.0, 328.0, 332.0, 332.0, 332.0, 336.0, 328.0, 332.0, 328.0, 336.0, 332.0, 336.0, 328.0, 332.0, 328.0, 336.0, 332.0, 332.0, 332.0, 328.0, 332.0, 332.0, 332.0, 332.0, 328.0, 328.0, 332.0, 328.0, 332.0, 332.0, 328.0, 332.0, 328.0, 332.0, 328.0, 336.0, 328.0, 332.0, 328.0, 332.0, 328.0, 332.0, 332.0, 328.0, 328.0, 332.0, 328.0, 336.0, 320.0, 336.0, 332.0, 332.0, 332.0, 328.0, 332.0, 328.0, 328.0, 332.0, 332.0, 328.0, 328.0, 328.0, 332.0, 328.0, 328.0, 328.0, 328.0]",0,1,0,Mid_vt,1
4,290,"[320.0, 316.0, 320.0, 308.0, 324.0, 324.0, 312.0, 320.0, 316.0, 320.0, 316.0, 316.0, 312.0, 324.0, 312.0, 320.0, 312.0, 320.0, 320.0, 316.0, 312.0, 320.0, 308.0, 328.0, 316.0, 316.0, 320.0, 312.0, 316.0, 316.0, 320.0, 312.0, 316.0, 320.0, 312.0, 316.0, 312.0, 320.0, 304.0, 324.0, 312.0, 316.0, 320.0, 312.0, 312.0, 316.0, 316.0, 320.0, 312.0, 312.0, 312.0, 320.0, 312.0, 312.0, 316.0, 312.0, 316.0, 312.0, 312.0, 312.0, 316.0, 312.0, 308.0, 320.0, 316.0, 312.0, 316.0, 312.0, 316.0, 312.0, 312.0, 316.0, 312.0, 316.0, 316.0, 308.0, 316.0, 312.0, 316.0, 312.0, 312.0, 316.0, 312.0, 316.0, 312.0, 312.0, 316.0, 268.0, 356.0, 312.0, 316.0, 300.0, 312.0, 324.0, 316.0, 312.0, 312.0, 312.0, 316.0, 312.0]",0,0,1,Supra_vt2,1
4,290,"[312.0, 320.0, 312.0, 312.0, 316.0, 312.0, 316.0, 312.0, 312.0, 312.0, 316.0, 312.0, 308.0, 320.0, 316.0, 312.0, 316.0, 312.0, 316.0, 312.0, 312.0, 316.0, 312.0, 316.0, 316.0, 308.0, 316.0, 312.0, 316.0, 312.0, 312.0, 316.0, 312.0, 316.0, 312.0, 312.0, 316.0, 268.0, 356.0, 312.0, 316.0, 300.0, 312.0, 324.0, 316.0, 312.0, 312.0, 312.0, 316.0, 312.0, 308.0, 312.0, 316.0, 312.0, 312.0, 312.0, 316.0, 308.0, 316.0, 308.0, 316.0, 312.0, 312.0, 312.0, 312.0, 312.0, 300.0, 324.0, 308.0, 312.0, 312.0, 312.0, 312.0, 308.0, 312.0, 312.0, 308.0, 312.0, 312.0, 308.0, 308.0, 308.0, 312.0, 308.0, 316.0, 308.0, 308.0, 300.0, 320.0, 312.0, 308.0, 312.0, 308.0, 312.0, 308.0, 308.0, 312.0, 312.0, 308.0, 308.0]",0,0,1,Supra_vt2,1
5,50,"[604.0, 648.0, 704.0, 672.0, 648.0, 632.0, 604.0, 596.0, 588.0, 584.0, 600.0, 616.0, 628.0, 616.0, 612.0, 592.0, 576.0, 568.0, 560.0, 548.0, 540.0, 532.0, 528.0, 532.0, 528.0, 536.0, 540.0, 540.0, 536.0, 528.0, 520.0, 524.0, 528.0, 536.0, 536.0, 536.0, 528.0, 532.0, 532.0, 528.0, 524.0, 520.0, 524.0, 524.0, 456.0, 588.0, 520.0, 512.0, 516.0, 524.0, 528.0, 528.0, 528.0, 532.0, 540.0, 536.0, 536.0, 532.0, 532.0, 528.0, 532.0, 532.0, 524.0, 524.0, 520.0, 528.0, 520.0, 524.0, 524.0, 520.0, 520.0, 520.0, 520.0, 512.0, 512.0, 516.0, 512.0, 512.0, 512.0, 504.0, 508.0, 508.0, 508.0, 508.0, 508.0, 504.0, 508.0, 508.0, 512.0, 516.0, 508.0, 512.0, 516.0, 520.0, 520.0, 512.0, 520.0, 520.0, 528.0, 528.0]",1,0,0,Sub_vt1,0
5,50,"[528.0, 528.0, 528.0, 532.0, 540.0, 536.0, 536.0, 532.0, 532.0, 528.0, 532.0, 532.0, 524.0, 524.0, 520.0, 528.0, 520.0, 524.0, 524.0, 520.0, 520.0, 520.0, 520.0, 512.0, 512.0, 516.0, 512.0, 512.0, 512.0, 504.0, 508.0, 508.0, 508.0, 508.0, 508.0, 504.0, 508.0, 508.0, 512.0, 516.0, 508.0, 512.0, 516.0, 520.0, 520.0, 512.0, 520.0, 520.0, 528.0, 528.0, 524.0, 520.0, 520.0, 520.0, 516.0, 512.0, 516.0, 512.0, 520.0, 516.0, 516.0, 512.0, 520.0, 520.0, 520.0, 520.0, 520.0, 516.0, 512.0, 504.0, 508.0, 504.0, 500.0, 504.0, 504.0, 504.0, 504.0, 504.0, 512.0, 520.0, 516.0, 520.0, 524.0, 524.0, 524.0, 524.0, 532.0, 532.0, 528.0, 528.0, 524.0, 524.0, 520.0, 528.0, 528.0, 528.0, 528.0, 528.0, 524.0, 528.0]",1,0,0,Sub_vt1,0
5,50,"[524.0, 520.0, 520.0, 520.0, 516.0, 512.0, 516.0, 512.0, 520.0, 516.0, 516.0, 512.0, 520.0, 520.0, 520.0, 520.0, 520.0, 516.0, 512.0, 504.0, 508.0, 504.0, 500.0, 504.0, 504.0, 504.0, 504.0, 504.0, 512.0, 520.0, 516.0, 520.0, 524.0, 524.0, 524.0, 524.0, 532.0, 532.0, 528.0, 528.0, 524.0, 524.0, 520.0, 528.0, 528.0, 528.0, 528.0, 528.0, 524.0, 528.0, 524.0, 532.0, 524.0, 528.0, 524.0, 532.0, 524.0, 520.0, 524.0, 524.0, 520.0, 512.0, 520.0, 520.0, 524.0, 528.0, 536.0, 544.0, 544.0, 536.0, 544.0, 540.0, 532.0, 532.0, 532.0, 528.0, 528.0, 528.0, 536.0, 532.0, 532.0, 532.0, 536.0, 532.0, 532.0, 532.0, 528.0, 524.0, 524.0, 524.0, 524.0, 520.0, 516.0, 520.0, 520.0, 512.0, 512.0, 512.0, 508.0, 508.0]",1,0,0,Sub_vt1,0
5,50,"[524.0, 532.0, 524.0, 528.0, 524.0, 532.0, 524.0, 520.0, 524.0, 524.0, 520.0, 512.0, 520.0, 520.0, 524.0, 528.0, 536.0, 544.0, 544.0, 536.0, 544.0, 540.0, 532.0, 532.0, 532.0, 528.0, 528.0, 528.0, 536.0, 532.0, 532.0, 532.0, 536.0, 532.0, 532.0, 532.0, 528.0, 524.0, 524.0, 524.0, 524.0, 520.0, 516.0, 520.0, 520.0, 512.0, 512.0, 512.0, 508.0, 508.0, 508.0, 504.0, 500.0, 500.0, 500.0, 504.0, 500.0, 504.0, 504.0, 500.0, 500.0, 508.0, 508.0, 508.0, 508.0, 512.0, 512.0, 508.0, 512.0, 512.0, 508.0, 512.0, 504.0, 508.0, 504.0, 500.0, 500.0, 500.0, 500.0, 500.0, 500.0, 500.0, 500.0, 500.0, 504.0, 508.0, 508.0, 512.0, 516.0, 520.0, 520.0, 516.0, 520.0, 520.0, 516.0, 512.0, 516.0, 508.0, 508.0, 508.0]",1,0,0,Sub_vt1,0
5,50,"[508.0, 504.0, 500.0, 500.0, 500.0, 504.0, 500.0, 504.0, 504.0, 500.0, 500.0, 508.0, 508.0, 508.0, 508.0, 512.0, 512.0, 508.0, 512.0, 512.0, 508.0, 512.0, 504.0, 508.0, 504.0, 500.0, 500.0, 500.0, 500.0, 500.0, 500.0, 500.0, 500.0, 500.0, 504.0, 508.0, 508.0, 512.0, 516.0, 520.0, 520.0, 516.0, 520.0, 520.0, 516.0, 512.0, 516.0, 508.0, 508.0, 508.0, 508.0, 508.0, 508.0, 504.0, 512.0, 508.0, 508.0, 508.0, 512.0, 508.0, 504.0, 508.0, 504.0, 508.0, 500.0, 504.0, 504.0, 504.0, 504.0, 504.0, 504.0, 500.0, 504.0, 500.0, 496.0, 496.0, 496.0, 492.0, 492.0, 488.0, 484.0, 488.0, 488.0, 484.0, 484.0, 488.0, 488.0, 492.0, 492.0, 488.0, 500.0, 500.0, 504.0, 504.0, 508.0, 508.0, 504.0, 504.0, 492.0, 492.0]",1,0,0,Sub_vt1,0
5,65,"[512.0, 512.0, 512.0, 504.0, 512.0, 512.0, 508.0, 508.0, 504.0, 508.0, 500.0, 500.0, 504.0, 504.0, 500.0, 500.0, 504.0, 504.0, 496.0, 496.0, 500.0, 496.0, 492.0, 492.0, 496.0, 488.0, 492.0, 496.0, 492.0, 492.0, 496.0, 500.0, 500.0, 496.0, 496.0, 492.0, 496.0, 492.0, 488.0, 492.0, 492.0, 484.0, 488.0, 488.0, 484.0, 484.0, 492.0, 508.0, 516.0, 512.0, 516.0, 516.0, 520.0, 516.0, 516.0, 520.0, 512.0, 508.0, 508.0, 504.0, 496.0, 500.0, 504.0, 504.0, 500.0, 500.0, 504.0, 496.0, 500.0, 500.0, 496.0, 496.0, 496.0, 500.0, 496.0, 492.0, 492.0, 488.0, 488.0, 484.0, 492.0, 484.0, 488.0, 488.0, 488.0, 488.0, 488.0, 488.0, 488.0, 488.0, 484.0, 484.0, 484.0, 488.0, 484.0, 488.0, 488.0, 484.0, 484.0, 484.0]",1,0,0,Sub_vt1,0
5,80,"[468.0, 468.0, 464.0, 468.0, 468.0, 468.0, 468.0, 472.0, 472.0, 480.0, 476.0, 480.0, 476.0, 480.0, 476.0, 476.0, 472.0, 476.0, 472.0, 472.0, 472.0, 472.0, 472.0, 468.0, 472.0, 468.0, 472.0, 472.0, 468.0, 472.0, 468.0, 472.0, 468.0, 468.0, 468.0, 468.0, 468.0, 472.0, 468.0, 468.0, 476.0, 472.0, 468.0, 472.0, 472.0, 472.0, 468.0, 472.0, 468.0, 468.0, 472.0, 468.0, 468.0, 468.0, 468.0, 472.0, 468.0, 468.0, 468.0, 468.0, 468.0, 468.0, 464.0, 468.0, 468.0, 464.0, 464.0, 464.0, 464.0, 460.0, 456.0, 460.0, 456.0, 460.0, 456.0, 456.0, 460.0, 460.0, 460.0, 464.0, 464.0, 464.0, 464.0, 472.0, 464.0, 468.0, 464.0, 468.0, 468.0, 468.0, 464.0, 468.0, 468.0, 472.0, 464.0, 476.0, 472.0, 472.0, 472.0, 476.0]",1,0,0,Sub_vt1,0
5,95,"[472.0, 476.0, 472.0, 472.0, 480.0, 476.0, 480.0, 476.0, 484.0, 480.0, 476.0, 476.0, 476.0, 476.0, 468.0, 476.0, 468.0, 476.0, 472.0, 472.0, 476.0, 472.0, 476.0, 472.0, 476.0, 480.0, 476.0, 476.0, 480.0, 480.0, 480.0, 476.0, 476.0, 476.0, 476.0, 472.0, 472.0, 468.0, 468.0, 464.0, 460.0, 464.0, 460.0, 456.0, 460.0, 456.0, 452.0, 460.0, 456.0, 464.0, 464.0, 464.0, 472.0, 472.0, 472.0, 480.0, 472.0, 480.0, 476.0, 480.0, 476.0, 472.0, 472.0, 472.0, 464.0, 468.0, 460.0, 464.0, 460.0, 456.0, 460.0, 460.0, 460.0, 464.0, 460.0, 460.0, 456.0, 456.0, 456.0, 460.0, 460.0, 464.0, 460.0, 464.0, 464.0, 464.0, 468.0, 468.0, 468.0, 476.0, 472.0, 472.0, 476.0, 472.0, 472.0, 472.0, 472.0, 468.0, 468.0, 468.0]",1,0,0,Sub_vt1,0
5,125,"[436.0, 432.0, 436.0, 432.0, 432.0, 432.0, 432.0, 432.0, 428.0, 432.0, 432.0, 432.0, 432.0, 432.0, 432.0, 436.0, 436.0, 432.0, 436.0, 432.0, 432.0, 436.0, 436.0, 436.0, 436.0, 436.0, 440.0, 440.0, 436.0, 440.0, 436.0, 436.0, 436.0, 436.0, 436.0, 440.0, 436.0, 436.0, 436.0, 440.0, 440.0, 436.0, 436.0, 440.0, 436.0, 440.0, 436.0, 440.0, 440.0, 440.0, 440.0, 444.0, 440.0, 440.0, 444.0, 440.0, 440.0, 440.0, 436.0, 440.0, 436.0, 436.0, 436.0, 436.0, 436.0, 436.0, 440.0, 436.0, 436.0, 436.0, 436.0, 436.0, 432.0, 436.0, 432.0, 436.0, 432.0, 432.0, 432.0, 436.0, 436.0, 436.0, 432.0, 436.0, 440.0, 436.0, 440.0, 440.0, 436.0, 440.0, 436.0, 436.0, 436.0, 440.0, 436.0, 440.0, 436.0, 436.0, 436.0, 440.0]",0,1,0,Mid_vt,1
5,140,"[416.0, 408.0, 416.0, 412.0, 412.0, 412.0, 412.0, 412.0, 412.0, 412.0, 416.0, 408.0, 408.0, 416.0, 412.0, 416.0, 416.0, 416.0, 412.0, 420.0, 416.0, 416.0, 416.0, 416.0, 420.0, 416.0, 416.0, 416.0, 412.0, 420.0, 412.0, 416.0, 412.0, 416.0, 416.0, 416.0, 412.0, 416.0, 420.0, 416.0, 412.0, 416.0, 416.0, 416.0, 412.0, 416.0, 420.0, 416.0, 420.0, 416.0, 420.0, 416.0, 416.0, 420.0, 416.0, 420.0, 412.0, 416.0, 412.0, 412.0, 404.0, 408.0, 408.0, 408.0, 404.0, 404.0, 404.0, 404.0, 400.0, 404.0, 400.0, 400.0, 400.0, 400.0, 400.0, 396.0, 400.0, 400.0, 400.0, 396.0, 404.0, 400.0, 396.0, 400.0, 396.0, 400.0, 400.0, 396.0, 396.0, 396.0, 400.0, 396.0, 392.0, 396.0, 396.0, 396.0, 396.0, 396.0, 396.0, 396.0]",0,1,0,Mid_vt,1
5,155,"[400.0, 396.0, 400.0, 396.0, 400.0, 396.0, 400.0, 400.0, 396.0, 396.0, 400.0, 396.0, 400.0, 396.0, 400.0, 400.0, 396.0, 396.0, 400.0, 396.0, 396.0, 396.0, 396.0, 396.0, 396.0, 392.0, 396.0, 392.0, 396.0, 392.0, 396.0, 396.0, 396.0, 396.0, 396.0, 396.0, 400.0, 396.0, 396.0, 400.0, 396.0, 400.0, 396.0, 396.0, 396.0, 396.0, 396.0, 392.0, 392.0, 396.0, 392.0, 388.0, 396.0, 388.0, 392.0, 392.0, 392.0, 388.0, 392.0, 388.0, 392.0, 388.0, 388.0, 392.0, 388.0, 392.0, 388.0, 392.0, 392.0, 388.0, 388.0, 388.0, 388.0, 392.0, 388.0, 388.0, 392.0, 388.0, 392.0, 388.0, 388.0, 392.0, 388.0, 392.0, 388.0, 392.0, 392.0, 388.0, 388.0, 392.0, 392.0, 388.0, 392.0, 388.0, 392.0, 392.0, 392.0, 388.0, 392.0, 392.0]",0,1,0,Mid_vt,1
5,155,"[392.0, 388.0, 396.0, 388.0, 392.0, 392.0, 392.0, 388.0, 392.0, 388.0, 392.0, 388.0, 388.0, 392.0, 388.0, 392.0, 388.0, 392.0, 392.0, 388.0, 388.0, 388.0, 388.0, 392.0, 388.0, 388.0, 392.0, 388.0, 392.0, 388.0, 388.0, 392.0, 388.0, 392.0, 388.0, 392.0, 392.0, 388.0, 388.0, 392.0, 392.0, 388.0, 392.0, 388.0, 392.0, 392.0, 392.0, 388.0, 392.0, 392.0, 392.0, 392.0, 388.0, 392.0, 392.0, 392.0, 392.0, 392.0, 392.0, 388.0, 392.0, 396.0, 392.0, 392.0, 392.0, 392.0, 396.0, 396.0, 396.0, 396.0, 396.0, 396.0, 400.0, 396.0, 400.0, 396.0, 396.0, 400.0, 400.0, 396.0, 396.0, 396.0, 396.0, 396.0, 392.0, 392.0, 396.0, 388.0, 392.0, 388.0, 388.0, 388.0, 388.0, 388.0, 392.0, 388.0, 392.0, 388.0, 396.0, 396.0]",0,1,0,Mid_vt,1
5,200,"[364.0, 364.0, 364.0, 368.0, 364.0, 368.0, 368.0, 364.0, 368.0, 368.0, 368.0, 368.0, 368.0, 368.0, 368.0, 368.0, 372.0, 368.0, 368.0, 368.0, 368.0, 372.0, 364.0, 372.0, 368.0, 372.0, 368.0, 372.0, 368.0, 368.0, 368.0, 372.0, 368.0, 368.0, 368.0, 368.0, 368.0, 368.0, 364.0, 368.0, 368.0, 368.0, 368.0, 368.0, 368.0, 368.0, 368.0, 364.0, 368.0, 364.0, 368.0, 368.0, 368.0, 368.0, 368.0, 372.0, 368.0, 368.0, 368.0, 368.0, 368.0, 368.0, 368.0, 368.0, 368.0, 368.0, 364.0, 368.0, 364.0, 368.0, 364.0, 368.0, 364.0, 364.0, 368.0, 364.0, 360.0, 368.0, 360.0, 364.0, 360.0, 364.0, 360.0, 364.0, 360.0, 360.0, 360.0, 360.0, 360.0, 360.0, 364.0, 356.0, 360.0, 360.0, 360.0, 360.0, 360.0, 360.0, 360.0, 360.0]",0,0,1,Supra_vt2,1
5,200,"[368.0, 368.0, 368.0, 368.0, 368.0, 372.0, 368.0, 368.0, 368.0, 368.0, 368.0, 368.0, 368.0, 368.0, 368.0, 368.0, 364.0, 368.0, 364.0, 368.0, 364.0, 368.0, 364.0, 364.0, 368.0, 364.0, 360.0, 368.0, 360.0, 364.0, 360.0, 364.0, 360.0, 364.0, 360.0, 360.0, 360.0, 360.0, 360.0, 360.0, 364.0, 356.0, 360.0, 360.0, 360.0, 360.0, 360.0, 360.0, 360.0, 360.0, 356.0, 364.0, 360.0, 356.0, 360.0, 360.0, 356.0, 360.0, 356.0, 360.0, 356.0, 360.0, 356.0, 360.0, 356.0, 356.0, 356.0, 356.0, 356.0, 360.0, 356.0, 356.0, 356.0, 356.0, 356.0, 360.0, 356.0, 360.0, 356.0, 356.0, 356.0, 356.0, 360.0, 356.0, 356.0, 356.0, 356.0, 356.0, 356.0, 356.0, 360.0, 356.0, 356.0, 360.0, 360.0, 356.0, 356.0, 360.0, 360.0, 356.0]",0,0,1,Supra_vt2,1
5,215,"[352.0, 356.0, 352.0, 356.0, 356.0, 352.0, 356.0, 356.0, 356.0, 356.0, 352.0, 356.0, 356.0, 356.0, 356.0, 352.0, 356.0, 356.0, 352.0, 356.0, 356.0, 352.0, 356.0, 352.0, 352.0, 356.0, 352.0, 352.0, 352.0, 356.0, 352.0, 352.0, 352.0, 352.0, 356.0, 352.0, 352.0, 352.0, 352.0, 352.0, 352.0, 352.0, 352.0, 348.0, 352.0, 352.0, 352.0, 352.0, 348.0, 352.0, 348.0, 352.0, 352.0, 348.0, 352.0, 348.0, 352.0, 348.0, 352.0, 348.0, 352.0, 348.0, 348.0, 348.0, 352.0, 348.0, 348.0, 348.0, 352.0, 348.0, 352.0, 352.0, 352.0, 352.0, 352.0, 348.0, 352.0, 352.0, 352.0, 348.0, 352.0, 352.0, 352.0, 352.0, 348.0, 352.0, 352.0, 352.0, 352.0, 352.0, 348.0, 356.0, 348.0, 352.0, 352.0, 352.0, 352.0, 348.0, 352.0, 348.0]",0,0,1,Supra_vt2,1
5,215,"[348.0, 352.0, 352.0, 348.0, 352.0, 348.0, 352.0, 348.0, 352.0, 348.0, 352.0, 348.0, 348.0, 348.0, 352.0, 348.0, 348.0, 348.0, 352.0, 348.0, 352.0, 352.0, 352.0, 352.0, 352.0, 348.0, 352.0, 352.0, 352.0, 348.0, 352.0, 352.0, 352.0, 352.0, 348.0, 352.0, 352.0, 352.0, 352.0, 352.0, 348.0, 356.0, 348.0, 352.0, 352.0, 352.0, 352.0, 348.0, 352.0, 348.0, 352.0, 352.0, 352.0, 348.0, 348.0, 352.0, 348.0, 352.0, 348.0, 348.0, 348.0, 348.0, 348.0, 348.0, 348.0, 344.0, 348.0, 344.0, 348.0, 348.0, 348.0, 344.0, 348.0, 344.0, 348.0, 344.0, 348.0, 348.0, 344.0, 348.0, 348.0, 352.0, 348.0, 348.0, 348.0, 348.0, 348.0, 348.0, 348.0, 352.0, 344.0, 348.0, 348.0, 348.0, 348.0, 344.0, 348.0, 348.0, 344.0, 344.0]",0,0,1,Supra_vt2,1
5,230,"[344.0, 340.0, 340.0, 344.0, 340.0, 344.0, 340.0, 340.0, 344.0, 340.0, 344.0, 340.0, 344.0, 340.0, 340.0, 344.0, 344.0, 344.0, 340.0, 344.0, 340.0, 344.0, 344.0, 340.0, 344.0, 340.0, 348.0, 340.0, 340.0, 344.0, 344.0, 340.0, 340.0, 340.0, 344.0, 340.0, 340.0, 344.0, 344.0, 340.0, 340.0, 344.0, 340.0, 340.0, 344.0, 340.0, 340.0, 340.0, 344.0, 340.0, 340.0, 340.0, 344.0, 336.0, 344.0, 340.0, 340.0, 340.0, 340.0, 340.0, 340.0, 340.0, 340.0, 340.0, 344.0, 340.0, 340.0, 344.0, 340.0, 340.0, 340.0, 340.0, 340.0, 340.0, 344.0, 340.0, 340.0, 340.0, 344.0, 340.0, 340.0, 340.0, 340.0, 344.0, 340.0, 336.0, 344.0, 336.0, 344.0, 340.0, 340.0, 340.0, 340.0, 340.0, 340.0, 340.0, 340.0, 336.0, 340.0, 340.0]",0,0,1,Supra_vt2,1
5,230,"[340.0, 340.0, 344.0, 336.0, 344.0, 340.0, 340.0, 340.0, 340.0, 340.0, 340.0, 340.0, 340.0, 340.0, 344.0, 340.0, 340.0, 344.0, 340.0, 340.0, 340.0, 340.0, 340.0, 340.0, 344.0, 340.0, 340.0, 340.0, 344.0, 340.0, 340.0, 340.0, 340.0, 344.0, 340.0, 336.0, 344.0, 336.0, 344.0, 340.0, 340.0, 340.0, 340.0, 340.0, 340.0, 340.0, 340.0, 336.0, 340.0, 340.0, 336.0, 340.0, 340.0, 340.0, 340.0, 340.0, 336.0, 340.0, 340.0, 340.0, 340.0, 340.0, 340.0, 340.0, 340.0, 340.0, 340.0, 340.0, 340.0, 340.0, 344.0, 336.0, 340.0, 344.0, 340.0, 340.0, 340.0, 340.0, 340.0, 340.0, 340.0, 340.0, 340.0, 340.0, 340.0, 340.0, 340.0, 344.0, 340.0, 336.0, 344.0, 336.0, 340.0, 340.0, 340.0, 344.0, 340.0, 336.0, 340.0, 340.0]",0,0,1,Supra_vt2,1
5,245,"[340.0, 340.0, 336.0, 336.0, 340.0, 340.0, 336.0, 336.0, 340.0, 336.0, 340.0, 336.0, 336.0, 340.0, 336.0, 336.0, 336.0, 340.0, 336.0, 336.0, 336.0, 336.0, 340.0, 332.0, 336.0, 336.0, 336.0, 336.0, 336.0, 336.0, 336.0, 336.0, 336.0, 336.0, 336.0, 332.0, 340.0, 332.0, 336.0, 336.0, 336.0, 336.0, 332.0, 340.0, 332.0, 336.0, 336.0, 340.0, 336.0, 336.0, 336.0, 336.0, 336.0, 336.0, 336.0, 336.0, 336.0, 336.0, 336.0, 340.0, 336.0, 336.0, 336.0, 336.0, 336.0, 336.0, 336.0, 336.0, 336.0, 336.0, 340.0, 332.0, 336.0, 336.0, 336.0, 336.0, 336.0, 336.0, 336.0, 332.0, 336.0, 340.0, 332.0, 336.0, 336.0, 336.0, 340.0, 332.0, 336.0, 340.0, 332.0, 336.0, 336.0, 340.0, 332.0, 336.0, 340.0, 332.0, 336.0, 336.0]",0,0,1,Supra_vt2,1
5,245,"[336.0, 336.0, 336.0, 336.0, 336.0, 336.0, 336.0, 336.0, 336.0, 340.0, 336.0, 336.0, 336.0, 336.0, 336.0, 336.0, 336.0, 336.0, 336.0, 336.0, 340.0, 332.0, 336.0, 336.0, 336.0, 336.0, 336.0, 336.0, 336.0, 332.0, 336.0, 340.0, 332.0, 336.0, 336.0, 336.0, 340.0, 332.0, 336.0, 340.0, 332.0, 336.0, 336.0, 340.0, 332.0, 336.0, 340.0, 332.0, 336.0, 336.0, 336.0, 336.0, 336.0, 336.0, 336.0, 336.0, 332.0, 336.0, 336.0, 336.0, 332.0, 332.0, 336.0, 332.0, 332.0, 332.0, 332.0, 336.0, 332.0, 328.0, 336.0, 332.0, 332.0, 332.0, 332.0, 336.0, 332.0, 328.0, 336.0, 332.0, 332.0, 332.0, 332.0, 332.0, 332.0, 332.0, 336.0, 328.0, 332.0, 332.0, 336.0, 328.0, 332.0, 336.0, 332.0, 328.0, 336.0, 332.0, 332.0, 328.0]",0,0,1,Supra_vt2,1
5,260,"[328.0, 328.0, 332.0, 332.0, 332.0, 328.0, 332.0, 332.0, 328.0, 328.0, 332.0, 328.0, 328.0, 332.0, 332.0, 328.0, 328.0, 332.0, 328.0, 332.0, 328.0, 332.0, 328.0, 328.0, 328.0, 332.0, 332.0, 328.0, 328.0, 332.0, 328.0, 332.0, 328.0, 332.0, 332.0, 328.0, 332.0, 332.0, 328.0, 332.0, 328.0, 336.0, 328.0, 328.0, 332.0, 332.0, 328.0, 332.0, 332.0, 332.0, 328.0, 332.0, 328.0, 332.0, 328.0, 332.0, 332.0, 328.0, 332.0, 328.0, 332.0, 332.0, 328.0, 332.0, 328.0, 328.0, 328.0, 332.0, 332.0, 328.0, 328.0, 336.0, 328.0, 328.0, 328.0, 332.0, 328.0, 328.0, 332.0, 328.0, 332.0, 328.0, 332.0, 336.0, 324.0, 332.0, 332.0, 332.0, 332.0, 328.0, 332.0, 332.0, 328.0, 332.0, 332.0, 328.0, 332.0, 332.0, 332.0, 332.0]",0,0,1,Supra_vt2,1
5,260,"[328.0, 332.0, 328.0, 332.0, 328.0, 332.0, 332.0, 328.0, 332.0, 328.0, 332.0, 332.0, 328.0, 332.0, 328.0, 328.0, 328.0, 332.0, 332.0, 328.0, 328.0, 336.0, 328.0, 328.0, 328.0, 332.0, 328.0, 328.0, 332.0, 328.0, 332.0, 328.0, 332.0, 336.0, 324.0, 332.0, 332.0, 332.0, 332.0, 328.0, 332.0, 332.0, 328.0, 332.0, 332.0, 328.0, 332.0, 332.0, 332.0, 332.0, 332.0, 328.0, 332.0, 332.0, 328.0, 332.0, 328.0, 332.0, 332.0, 328.0, 328.0, 328.0, 332.0, 328.0, 332.0, 328.0, 328.0, 328.0, 328.0, 328.0, 328.0, 328.0, 328.0, 332.0, 332.0, 328.0, 324.0, 328.0, 328.0, 328.0, 328.0, 328.0, 324.0, 328.0, 328.0, 328.0, 328.0, 324.0, 328.0, 328.0, 324.0, 328.0, 328.0, 328.0, 328.0, 324.0, 328.0, 328.0, 328.0, 324.0]",0,0,1,Supra_vt2,1
5,275,"[324.0, 328.0, 328.0, 328.0, 324.0, 328.0, 328.0, 328.0, 324.0, 328.0, 328.0, 324.0, 324.0, 328.0, 324.0, 328.0, 324.0, 324.0, 328.0, 324.0, 324.0, 328.0, 324.0, 324.0, 324.0, 328.0, 320.0, 324.0, 328.0, 324.0, 324.0, 320.0, 324.0, 328.0, 320.0, 324.0, 324.0, 324.0, 324.0, 320.0, 320.0, 328.0, 320.0, 320.0, 324.0, 324.0, 320.0, 320.0, 324.0, 324.0, 316.0, 324.0, 324.0, 324.0, 320.0, 320.0, 324.0, 324.0, 320.0, 324.0, 324.0, 320.0, 324.0, 320.0, 324.0, 324.0, 320.0, 324.0, 324.0, 320.0, 320.0, 324.0, 324.0, 324.0, 320.0, 324.0, 324.0, 320.0, 320.0, 324.0, 320.0, 320.0, 324.0, 324.0, 316.0, 324.0, 324.0, 320.0, 316.0, 324.0, 324.0, 320.0, 320.0, 324.0, 316.0, 320.0, 324.0, 324.0, 316.0, 320.0]",0,0,1,Supra_vt2,1
5,275,"[316.0, 324.0, 324.0, 324.0, 320.0, 320.0, 324.0, 324.0, 320.0, 324.0, 324.0, 320.0, 324.0, 320.0, 324.0, 324.0, 320.0, 324.0, 324.0, 320.0, 320.0, 324.0, 324.0, 324.0, 320.0, 324.0, 324.0, 320.0, 320.0, 324.0, 320.0, 320.0, 324.0, 324.0, 316.0, 324.0, 324.0, 320.0, 316.0, 324.0, 324.0, 320.0, 320.0, 324.0, 316.0, 320.0, 324.0, 324.0, 316.0, 320.0, 320.0, 324.0, 320.0, 324.0, 320.0, 316.0, 324.0, 320.0, 320.0, 324.0, 316.0, 324.0, 320.0, 320.0, 320.0, 324.0, 320.0, 320.0, 324.0, 320.0, 320.0, 320.0, 324.0, 320.0, 320.0, 320.0, 324.0, 320.0, 320.0, 316.0, 328.0, 316.0, 316.0, 324.0, 324.0, 320.0, 316.0, 324.0, 320.0, 320.0, 320.0, 324.0, 320.0, 320.0, 320.0, 320.0, 324.0, 320.0, 320.0, 324.0]",0,0,1,Supra_vt2,1
6,50,"[680.0, 660.0, 640.0, 656.0, 636.0, 624.0, 612.0, 604.0, 596.0, 596.0, 592.0, 580.0, 572.0, 572.0, 576.0, 580.0, 588.0, 592.0, 600.0, 604.0, 604.0, 604.0, 612.0, 616.0, 620.0, 612.0, 616.0, 612.0, 604.0, 596.0, 600.0, 588.0, 580.0, 576.0, 584.0, 576.0, 568.0, 568.0, 568.0, 564.0, 564.0, 556.0, 560.0, 560.0, 552.0, 548.0, 552.0, 552.0, 548.0, 548.0, 544.0, 544.0, 560.0, 572.0, 572.0, 568.0, 560.0, 556.0, 556.0, 552.0, 556.0, 552.0, 560.0, 560.0, 560.0, 556.0, 564.0, 564.0, 580.0, 576.0, 584.0, 592.0, 604.0, 588.0, 600.0, 600.0, 592.0, 592.0, 592.0, 592.0, 584.0, 576.0, 584.0, 580.0, 576.0, 572.0, 572.0, 580.0, 580.0, 572.0, 584.0, 580.0, 572.0, 572.0, 580.0, 576.0, 568.0, 568.0, 572.0, 568.0]",1,0,0,Sub_vt1,0
6,50,"[544.0, 544.0, 560.0, 572.0, 572.0, 568.0, 560.0, 556.0, 556.0, 552.0, 556.0, 552.0, 560.0, 560.0, 560.0, 556.0, 564.0, 564.0, 580.0, 576.0, 584.0, 592.0, 604.0, 588.0, 600.0, 600.0, 592.0, 592.0, 592.0, 592.0, 584.0, 576.0, 584.0, 580.0, 576.0, 572.0, 572.0, 580.0, 580.0, 572.0, 584.0, 580.0, 572.0, 572.0, 580.0, 576.0, 568.0, 568.0, 572.0, 568.0, 560.0, 564.0, 564.0, 564.0, 548.0, 556.0, 556.0, 552.0, 552.0, 560.0, 556.0, 552.0, 552.0, 552.0, 548.0, 544.0, 544.0, 540.0, 536.0, 528.0, 532.0, 532.0, 532.0, 532.0, 536.0, 544.0, 540.0, 548.0, 552.0, 560.0, 556.0, 556.0, 564.0, 564.0, 560.0, 552.0, 560.0, 560.0, 544.0, 544.0, 552.0, 552.0, 560.0, 560.0, 584.0, 588.0, 588.0, 592.0, 596.0, 584.0]",1,0,0,Sub_vt1,0
6,50,"[560.0, 564.0, 564.0, 564.0, 548.0, 556.0, 556.0, 552.0, 552.0, 560.0, 556.0, 552.0, 552.0, 552.0, 548.0, 544.0, 544.0, 540.0, 536.0, 528.0, 532.0, 532.0, 532.0, 532.0, 536.0, 544.0, 540.0, 548.0, 552.0, 560.0, 556.0, 556.0, 564.0, 564.0, 560.0, 552.0, 560.0, 560.0, 544.0, 544.0, 552.0, 552.0, 560.0, 560.0, 584.0, 588.0, 588.0, 592.0, 596.0, 584.0, 580.0, 584.0, 568.0, 568.0, 568.0, 564.0, 548.0, 552.0, 556.0, 548.0, 540.0, 540.0, 544.0, 540.0, 536.0, 544.0, 548.0, 548.0, 544.0, 556.0, 560.0, 552.0, 556.0, 564.0, 552.0, 552.0, 556.0, 552.0, 548.0, 548.0, 556.0, 556.0, 548.0, 548.0, 556.0, 556.0, 544.0, 544.0, 548.0, 548.0, 532.0, 540.0, 544.0, 536.0, 536.0, 548.0, 544.0, 540.0, 548.0, 548.0]",1,0,0,Sub_vt1,0
6,50,"[580.0, 584.0, 568.0, 568.0, 568.0, 564.0, 548.0, 552.0, 556.0, 548.0, 540.0, 540.0, 544.0, 540.0, 536.0, 544.0, 548.0, 548.0, 544.0, 556.0, 560.0, 552.0, 556.0, 564.0, 552.0, 552.0, 556.0, 552.0, 548.0, 548.0, 556.0, 556.0, 548.0, 548.0, 556.0, 556.0, 544.0, 544.0, 548.0, 548.0, 532.0, 540.0, 544.0, 536.0, 536.0, 548.0, 544.0, 540.0, 548.0, 548.0, 556.0, 548.0, 548.0, 572.0, 580.0, 568.0, 564.0, 552.0, 556.0, 544.0, 532.0, 536.0, 536.0, 540.0, 536.0, 540.0, 560.0, 560.0, 560.0, 568.0, 576.0, 568.0, 564.0, 572.0, 568.0, 556.0, 564.0, 568.0, 560.0, 556.0, 564.0, 560.0, 556.0, 560.0, 552.0, 536.0, 552.0, 548.0, 540.0, 536.0, 556.0, 552.0, 540.0, 556.0, 556.0, 548.0, 548.0, 552.0, 544.0, 540.0]",1,0,0,Sub_vt1,0
6,50,"[556.0, 548.0, 548.0, 572.0, 580.0, 568.0, 564.0, 552.0, 556.0, 544.0, 532.0, 536.0, 536.0, 540.0, 536.0, 540.0, 560.0, 560.0, 560.0, 568.0, 576.0, 568.0, 564.0, 572.0, 568.0, 556.0, 564.0, 568.0, 560.0, 556.0, 564.0, 560.0, 556.0, 560.0, 552.0, 536.0, 552.0, 548.0, 540.0, 536.0, 556.0, 552.0, 540.0, 556.0, 556.0, 548.0, 548.0, 552.0, 544.0, 540.0, 544.0, 544.0, 548.0, 540.0, 552.0, 552.0, 544.0, 544.0, 560.0, 560.0, 556.0, 568.0, 580.0, 584.0, 568.0, 576.0, 572.0, 556.0, 556.0, 552.0, 548.0, 532.0, 544.0, 540.0, 532.0, 536.0, 540.0, 548.0, 540.0, 552.0, 556.0, 552.0, 552.0, 556.0, 552.0, 544.0, 544.0, 544.0, 540.0, 536.0, 528.0, 532.0, 568.0, 560.0, 556.0, 556.0, 552.0, 556.0, 548.0, 544.0]",1,0,0,Sub_vt1,0
6,65,"[536.0, 536.0, 536.0, 532.0, 540.0, 548.0, 552.0, 560.0, 572.0, 572.0, 560.0, 580.0, 572.0, 568.0, 572.0, 568.0, 560.0, 560.0, 560.0, 560.0, 548.0, 556.0, 552.0, 540.0, 540.0, 540.0, 540.0, 532.0, 536.0, 528.0, 516.0, 532.0, 528.0, 520.0, 520.0, 536.0, 532.0, 524.0, 524.0, 528.0, 528.0, 524.0, 516.0, 528.0, 524.0, 516.0, 520.0, 528.0, 528.0, 528.0, 544.0, 540.0, 540.0, 544.0, 548.0, 544.0, 540.0, 544.0, 540.0, 540.0, 524.0, 532.0, 532.0, 536.0, 528.0, 540.0, 544.0, 532.0, 528.0, 540.0, 536.0, 532.0, 532.0, 540.0, 536.0, 528.0, 540.0, 528.0, 520.0, 516.0, 520.0, 516.0, 508.0, 516.0, 516.0, 520.0, 516.0, 520.0, 528.0, 524.0, 520.0, 532.0, 532.0, 528.0, 524.0, 528.0, 524.0, 516.0, 520.0, 524.0]",1,0,0,Sub_vt1,0
6,80,"[512.0, 520.0, 520.0, 516.0, 524.0, 524.0, 524.0, 524.0, 528.0, 524.0, 512.0, 516.0, 520.0, 516.0, 500.0, 508.0, 504.0, 500.0, 496.0, 504.0, 504.0, 496.0, 500.0, 508.0, 508.0, 500.0, 496.0, 500.0, 500.0, 516.0, 508.0, 500.0, 496.0, 500.0, 500.0, 488.0, 488.0, 476.0, 488.0, 524.0, 620.0, 576.0, 564.0, 536.0, 524.0, 536.0, 548.0, 540.0, 544.0, 524.0, 528.0, 528.0, 516.0, 500.0, 504.0, 500.0, 496.0, 492.0, 492.0, 496.0, 496.0, 492.0, 496.0, 504.0, 500.0, 492.0, 496.0, 500.0, 500.0, 488.0, 496.0, 500.0, 492.0, 488.0, 492.0, 488.0, 480.0, 488.0, 484.0, 488.0, 480.0, 484.0, 480.0, 476.0, 472.0, 480.0, 472.0, 472.0, 472.0, 476.0, 476.0, 472.0, 472.0, 484.0, 484.0, 480.0, 476.0, 488.0, 480.0, 480.0]",1,0,0,Sub_vt1,0
6,95,"[480.0, 484.0, 476.0, 480.0, 488.0, 496.0, 488.0, 492.0, 504.0, 508.0, 496.0, 508.0, 512.0, 508.0, 504.0, 508.0, 512.0, 500.0, 500.0, 508.0, 496.0, 492.0, 496.0, 496.0, 484.0, 484.0, 484.0, 492.0, 484.0, 480.0, 488.0, 488.0, 488.0, 480.0, 492.0, 492.0, 484.0, 484.0, 492.0, 492.0, 476.0, 488.0, 484.0, 484.0, 480.0, 488.0, 488.0, 484.0, 488.0, 484.0, 480.0, 472.0, 484.0, 476.0, 472.0, 468.0, 476.0, 476.0, 468.0, 468.0, 476.0, 480.0, 468.0, 472.0, 476.0, 468.0, 464.0, 476.0, 468.0, 464.0, 460.0, 468.0, 468.0, 464.0, 468.0, 472.0, 476.0, 468.0, 480.0, 480.0, 472.0, 468.0, 464.0, 476.0, 480.0, 472.0, 476.0, 468.0, 476.0, 472.0, 468.0, 472.0, 472.0, 464.0, 460.0, 472.0, 468.0, 464.0, 464.0, 468.0]",1,0,0,Sub_vt1,0
6,110,"[476.0, 468.0, 472.0, 484.0, 480.0, 476.0, 484.0, 484.0, 488.0, 476.0, 484.0, 488.0, 480.0, 472.0, 484.0, 476.0, 468.0, 472.0, 476.0, 472.0, 464.0, 472.0, 472.0, 472.0, 468.0, 476.0, 476.0, 472.0, 476.0, 484.0, 480.0, 476.0, 484.0, 480.0, 472.0, 472.0, 472.0, 472.0, 464.0, 460.0, 468.0, 460.0, 460.0, 456.0, 464.0, 476.0, 476.0, 468.0, 472.0, 484.0, 480.0, 476.0, 480.0, 484.0, 476.0, 472.0, 480.0, 480.0, 480.0, 468.0, 476.0, 476.0, 476.0, 468.0, 464.0, 472.0, 472.0, 460.0, 464.0, 468.0, 472.0, 464.0, 464.0, 476.0, 484.0, 480.0, 476.0, 472.0, 480.0, 480.0, 468.0, 468.0, 472.0, 468.0, 456.0, 464.0, 460.0, 456.0, 448.0, 460.0, 452.0, 448.0, 448.0, 452.0, 456.0, 444.0, 452.0, 456.0, 452.0, 448.0]",1,0,0,Sub_vt1,0
6,155,"[420.0, 412.0, 412.0, 416.0, 408.0, 412.0, 416.0, 412.0, 404.0, 408.0, 412.0, 412.0, 404.0, 416.0, 412.0, 408.0, 408.0, 412.0, 416.0, 408.0, 412.0, 416.0, 412.0, 408.0, 412.0, 416.0, 412.0, 404.0, 408.0, 412.0, 408.0, 404.0, 408.0, 408.0, 404.0, 400.0, 408.0, 408.0, 404.0, 404.0, 404.0, 412.0, 408.0, 404.0, 408.0, 416.0, 404.0, 408.0, 412.0, 416.0, 408.0, 412.0, 412.0, 408.0, 408.0, 404.0, 408.0, 404.0, 404.0, 404.0, 408.0, 400.0, 400.0, 404.0, 408.0, 400.0, 400.0, 404.0, 404.0, 408.0, 408.0, 408.0, 412.0, 404.0, 412.0, 412.0, 408.0, 404.0, 408.0, 412.0, 404.0, 412.0, 408.0, 408.0, 400.0, 412.0, 408.0, 404.0, 400.0, 408.0, 404.0, 408.0, 404.0, 408.0, 408.0, 404.0, 408.0, 412.0, 404.0, 404.0]",0,1,0,Mid_vt,1
6,170,"[396.0, 396.0, 396.0, 400.0, 396.0, 388.0, 400.0, 396.0, 388.0, 392.0, 396.0, 396.0, 392.0, 392.0, 392.0, 396.0, 388.0, 396.0, 396.0, 396.0, 388.0, 396.0, 392.0, 392.0, 388.0, 392.0, 392.0, 388.0, 392.0, 392.0, 388.0, 388.0, 392.0, 396.0, 388.0, 388.0, 388.0, 392.0, 384.0, 392.0, 392.0, 388.0, 388.0, 392.0, 388.0, 388.0, 392.0, 392.0, 388.0, 388.0, 392.0, 392.0, 392.0, 388.0, 384.0, 396.0, 388.0, 392.0, 380.0, 392.0, 388.0, 384.0, 384.0, 392.0, 384.0, 384.0, 388.0, 388.0, 384.0, 380.0, 388.0, 388.0, 380.0, 388.0, 388.0, 388.0, 380.0, 384.0, 388.0, 388.0, 380.0, 384.0, 384.0, 384.0, 384.0, 384.0, 380.0, 388.0, 376.0, 388.0, 384.0, 384.0, 380.0, 388.0, 388.0, 384.0, 384.0, 388.0, 388.0, 384.0]",0,1,0,Mid_vt,1
6,170,"[392.0, 392.0, 392.0, 388.0, 384.0, 396.0, 388.0, 392.0, 380.0, 392.0, 388.0, 384.0, 384.0, 392.0, 384.0, 384.0, 388.0, 388.0, 384.0, 380.0, 388.0, 388.0, 380.0, 388.0, 388.0, 388.0, 380.0, 384.0, 388.0, 388.0, 380.0, 384.0, 384.0, 384.0, 384.0, 384.0, 380.0, 388.0, 376.0, 388.0, 384.0, 384.0, 380.0, 388.0, 388.0, 384.0, 384.0, 388.0, 388.0, 384.0, 384.0, 388.0, 388.0, 384.0, 380.0, 384.0, 384.0, 380.0, 380.0, 384.0, 384.0, 376.0, 380.0, 384.0, 380.0, 376.0, 380.0, 380.0, 380.0, 376.0, 380.0, 380.0, 380.0, 376.0, 372.0, 384.0, 380.0, 384.0, 376.0, 380.0, 380.0, 380.0, 376.0, 384.0, 380.0, 376.0, 376.0, 380.0, 380.0, 376.0, 380.0, 380.0, 376.0, 376.0, 376.0, 380.0, 376.0, 376.0, 380.0, 380.0]",0,1,0,Mid_vt,1
6,215,"[348.0, 352.0, 344.0, 348.0, 352.0, 352.0, 344.0, 348.0, 352.0, 348.0, 348.0, 348.0, 348.0, 348.0, 348.0, 348.0, 348.0, 348.0, 344.0, 348.0, 352.0, 344.0, 348.0, 348.0, 352.0, 340.0, 352.0, 348.0, 348.0, 348.0, 348.0, 344.0, 352.0, 344.0, 352.0, 344.0, 352.0, 344.0, 348.0, 348.0, 348.0, 348.0, 344.0, 352.0, 348.0, 344.0, 348.0, 348.0, 348.0, 344.0, 348.0, 348.0, 348.0, 348.0, 348.0, 348.0, 344.0, 352.0, 344.0, 344.0, 348.0, 344.0, 348.0, 340.0, 348.0, 344.0, 348.0, 344.0, 344.0, 348.0, 344.0, 344.0, 344.0, 344.0, 344.0, 348.0, 344.0, 344.0, 344.0, 340.0, 344.0, 340.0, 344.0, 348.0, 340.0, 340.0, 344.0, 344.0, 344.0, 344.0, 340.0, 344.0, 344.0, 344.0, 340.0, 340.0, 348.0, 344.0, 340.0, 348.0]",0,0,1,Supra_vt2,1
6,215,"[348.0, 348.0, 348.0, 348.0, 348.0, 348.0, 344.0, 352.0, 344.0, 344.0, 348.0, 344.0, 348.0, 340.0, 348.0, 344.0, 348.0, 344.0, 344.0, 348.0, 344.0, 344.0, 344.0, 344.0, 344.0, 348.0, 344.0, 344.0, 344.0, 340.0, 344.0, 340.0, 344.0, 348.0, 340.0, 340.0, 344.0, 344.0, 344.0, 344.0, 340.0, 344.0, 344.0, 344.0, 340.0, 340.0, 348.0, 344.0, 340.0, 348.0, 344.0, 344.0, 340.0, 344.0, 344.0, 344.0, 344.0, 344.0, 340.0, 344.0, 344.0, 344.0, 336.0, 344.0, 344.0, 340.0, 344.0, 340.0, 340.0, 340.0, 344.0, 340.0, 312.0, 368.0, 340.0, 340.0, 340.0, 344.0, 340.0, 340.0, 344.0, 340.0, 344.0, 336.0, 344.0, 344.0, 336.0, 344.0, 336.0, 344.0, 336.0, 344.0, 340.0, 336.0, 340.0, 340.0, 336.0, 340.0, 336.0, 340.0]",0,0,1,Supra_vt2,1
6,230,"[344.0, 340.0, 336.0, 336.0, 340.0, 340.0, 336.0, 336.0, 340.0, 336.0, 336.0, 340.0, 340.0, 336.0, 336.0, 336.0, 340.0, 336.0, 336.0, 336.0, 336.0, 336.0, 336.0, 340.0, 336.0, 332.0, 336.0, 336.0, 340.0, 332.0, 340.0, 340.0, 332.0, 336.0, 336.0, 340.0, 328.0, 340.0, 340.0, 336.0, 332.0, 340.0, 340.0, 336.0, 336.0, 332.0, 340.0, 332.0, 332.0, 340.0, 336.0, 336.0, 332.0, 336.0, 336.0, 332.0, 332.0, 336.0, 332.0, 332.0, 332.0, 336.0, 332.0, 332.0, 336.0, 332.0, 328.0, 336.0, 332.0, 304.0, 360.0, 332.0, 332.0, 332.0, 304.0, 360.0, 332.0, 332.0, 328.0, 336.0, 328.0, 336.0, 332.0, 328.0, 332.0, 332.0, 332.0, 328.0, 332.0, 332.0, 328.0, 332.0, 332.0, 332.0, 336.0, 320.0, 336.0, 324.0, 332.0, 332.0]",0,0,1,Supra_vt2,1
6,230,"[336.0, 336.0, 332.0, 336.0, 336.0, 332.0, 332.0, 336.0, 332.0, 332.0, 332.0, 336.0, 332.0, 332.0, 336.0, 332.0, 328.0, 336.0, 332.0, 304.0, 360.0, 332.0, 332.0, 332.0, 304.0, 360.0, 332.0, 332.0, 328.0, 336.0, 328.0, 336.0, 332.0, 328.0, 332.0, 332.0, 332.0, 328.0, 332.0, 332.0, 328.0, 332.0, 332.0, 332.0, 336.0, 320.0, 336.0, 324.0, 332.0, 332.0, 328.0, 328.0, 332.0, 332.0, 328.0, 332.0, 336.0, 328.0, 332.0, 328.0, 336.0, 328.0, 332.0, 332.0, 328.0, 332.0, 328.0, 336.0, 328.0, 328.0, 336.0, 328.0, 328.0, 332.0, 336.0, 328.0, 332.0, 332.0, 328.0, 332.0, 332.0, 332.0, 332.0, 332.0, 332.0, 328.0, 336.0, 328.0, 332.0, 328.0, 332.0, 332.0, 324.0, 332.0, 328.0, 332.0, 328.0, 328.0, 332.0, 328.0]",0,0,1,Supra_vt2,1
7,50,"[596.0, 596.0, 656.0, 628.0, 628.0, 560.0, 580.0, 580.0, 612.0, 600.0, 544.0, 568.0, 560.0, 540.0, 544.0, 548.0, 572.0, 576.0, 536.0, 540.0, 552.0, 576.0, 528.0, 548.0, 544.0, 536.0, 536.0, 528.0, 528.0, 524.0, 520.0, 532.0, 536.0, 552.0, 556.0, 532.0, 540.0, 532.0, 524.0, 544.0, 536.0, 524.0, 520.0, 524.0, 520.0, 520.0, 524.0, 516.0, 512.0, 508.0, 516.0, 508.0, 516.0, 508.0, 508.0, 504.0, 504.0, 508.0, 512.0, 520.0, 504.0, 500.0, 512.0, 508.0, 516.0, 508.0, 504.0, 508.0, 512.0, 508.0, 504.0, 492.0, 492.0, 492.0, 496.0, 496.0, 484.0, 488.0, 488.0, 492.0, 512.0, 528.0, 532.0, 500.0, 492.0, 500.0, 504.0, 504.0, 496.0, 492.0, 488.0, 484.0, 492.0, 488.0, 484.0, 476.0, 480.0, 484.0, 480.0, 476.0]",1,0,0,Sub_vt1,0
7,50,"[516.0, 508.0, 516.0, 508.0, 508.0, 504.0, 504.0, 508.0, 512.0, 520.0, 504.0, 500.0, 512.0, 508.0, 516.0, 508.0, 504.0, 508.0, 512.0, 508.0, 504.0, 492.0, 492.0, 492.0, 496.0, 496.0, 484.0, 488.0, 488.0, 492.0, 512.0, 528.0, 532.0, 500.0, 492.0, 500.0, 504.0, 504.0, 496.0, 492.0, 488.0, 484.0, 492.0, 488.0, 484.0, 476.0, 480.0, 484.0, 480.0, 476.0, 480.0, 484.0, 480.0, 476.0, 472.0, 480.0, 484.0, 476.0, 476.0, 472.0, 484.0, 480.0, 468.0, 472.0, 476.0, 476.0, 468.0, 468.0, 472.0, 476.0, 472.0, 468.0, 472.0, 472.0, 476.0, 472.0, 464.0, 460.0, 464.0, 464.0, 464.0, 464.0, 460.0, 456.0, 460.0, 464.0, 460.0, 456.0, 460.0, 464.0, 460.0, 452.0, 456.0, 464.0, 464.0, 452.0, 460.0, 460.0, 464.0, 456.0]",1,0,0,Sub_vt1,0
7,50,"[480.0, 484.0, 480.0, 476.0, 472.0, 480.0, 484.0, 476.0, 476.0, 472.0, 484.0, 480.0, 468.0, 472.0, 476.0, 476.0, 468.0, 468.0, 472.0, 476.0, 472.0, 468.0, 472.0, 472.0, 476.0, 472.0, 464.0, 460.0, 464.0, 464.0, 464.0, 464.0, 460.0, 456.0, 460.0, 464.0, 460.0, 456.0, 460.0, 464.0, 460.0, 452.0, 456.0, 464.0, 464.0, 452.0, 460.0, 460.0, 464.0, 456.0, 460.0, 464.0, 460.0, 468.0, 452.0, 456.0, 456.0, 460.0, 456.0, 452.0, 460.0, 456.0, 452.0, 456.0, 460.0, 464.0, 460.0, 456.0, 464.0, 460.0, 460.0, 452.0, 460.0, 464.0, 460.0, 460.0, 456.0, 464.0, 464.0, 460.0, 468.0, 464.0, 476.0, 464.0, 468.0, 468.0, 480.0, 472.0, 472.0, 484.0, 476.0, 472.0, 476.0, 480.0, 484.0, 468.0, 468.0, 472.0, 480.0, 496.0]",1,0,0,Sub_vt1,0
7,50,"[460.0, 464.0, 460.0, 468.0, 452.0, 456.0, 456.0, 460.0, 456.0, 452.0, 460.0, 456.0, 452.0, 456.0, 460.0, 464.0, 460.0, 456.0, 464.0, 460.0, 460.0, 452.0, 460.0, 464.0, 460.0, 460.0, 456.0, 464.0, 464.0, 460.0, 468.0, 464.0, 476.0, 464.0, 468.0, 468.0, 480.0, 472.0, 472.0, 484.0, 476.0, 472.0, 476.0, 480.0, 484.0, 468.0, 468.0, 472.0, 480.0, 496.0, 480.0, 476.0, 476.0, 484.0, 488.0, 468.0, 476.0, 480.0, 476.0, 468.0, 468.0, 472.0, 460.0, 460.0, 468.0, 464.0, 460.0, 448.0, 452.0, 452.0, 448.0, 448.0, 440.0, 444.0, 444.0, 448.0, 436.0, 440.0, 444.0, 440.0, 440.0, 436.0, 444.0, 440.0, 436.0, 436.0, 444.0, 436.0, 432.0, 436.0, 432.0, 436.0, 432.0, 432.0, 436.0, 436.0, 432.0, 424.0, 428.0, 424.0]",1,0,0,Sub_vt1,0
7,50,"[480.0, 476.0, 476.0, 484.0, 488.0, 468.0, 476.0, 480.0, 476.0, 468.0, 468.0, 472.0, 460.0, 460.0, 468.0, 464.0, 460.0, 448.0, 452.0, 452.0, 448.0, 448.0, 440.0, 444.0, 444.0, 448.0, 436.0, 440.0, 444.0, 440.0, 440.0, 436.0, 444.0, 440.0, 436.0, 436.0, 444.0, 436.0, 432.0, 436.0, 432.0, 436.0, 432.0, 432.0, 436.0, 436.0, 432.0, 424.0, 428.0, 424.0, 428.0, 432.0, 420.0, 420.0, 420.0, 424.0, 424.0, 424.0, 416.0, 420.0, 424.0, 428.0, 420.0, 416.0, 424.0, 424.0, 424.0, 412.0, 424.0, 428.0, 424.0, 420.0, 424.0, 428.0, 420.0, 420.0, 416.0, 432.0, 416.0, 416.0, 412.0, 420.0, 424.0, 440.0, 436.0, 432.0, 424.0, 428.0, 432.0, 416.0, 428.0, 420.0, 428.0, 428.0, 424.0, 412.0, 416.0, 428.0, 412.0, 416.0]",1,0,0,Sub_vt1,0
7,50,"[428.0, 432.0, 420.0, 420.0, 420.0, 424.0, 424.0, 424.0, 416.0, 420.0, 424.0, 428.0, 420.0, 416.0, 424.0, 424.0, 424.0, 412.0, 424.0, 428.0, 424.0, 420.0, 424.0, 428.0, 420.0, 420.0, 416.0, 432.0, 416.0, 416.0, 412.0, 420.0, 424.0, 440.0, 436.0, 432.0, 424.0, 428.0, 432.0, 416.0, 428.0, 420.0, 428.0, 428.0, 424.0, 412.0, 416.0, 428.0, 412.0, 416.0, 412.0, 420.0, 420.0, 412.0, 408.0, 416.0, 416.0, 420.0, 412.0, 408.0, 416.0, 420.0, 412.0, 408.0, 416.0, 420.0, 412.0, 412.0, 416.0, 416.0, 408.0, 416.0, 412.0, 420.0, 412.0, 412.0, 416.0, 420.0, 416.0, 416.0, 416.0, 420.0, 424.0, 428.0, 424.0, 424.0, 424.0, 432.0, 424.0, 420.0, 428.0, 432.0, 432.0, 436.0, 440.0, 440.0, 440.0, 436.0, 440.0, 440.0]",1,0,0,Sub_vt1,0
7,80,"[416.0, 428.0, 420.0, 420.0, 416.0, 424.0, 428.0, 428.0, 428.0, 416.0, 424.0, 420.0, 436.0, 432.0, 424.0, 412.0, 428.0, 420.0, 424.0, 408.0, 420.0, 420.0, 412.0, 412.0, 408.0, 416.0, 420.0, 412.0, 412.0, 420.0, 420.0, 412.0, 408.0, 416.0, 416.0, 408.0, 408.0, 412.0, 416.0, 408.0, 408.0, 404.0, 408.0, 404.0, 416.0, 432.0, 428.0, 428.0, 424.0, 428.0, 416.0, 428.0, 428.0, 436.0, 424.0, 420.0, 416.0, 416.0, 420.0, 420.0, 412.0, 412.0, 408.0, 412.0, 416.0, 412.0, 408.0, 408.0, 408.0, 404.0, 404.0, 408.0, 408.0, 404.0, 404.0, 408.0, 408.0, 404.0, 400.0, 408.0, 408.0, 408.0, 400.0, 400.0, 404.0, 400.0, 404.0, 396.0, 396.0, 400.0, 404.0, 400.0, 400.0, 396.0, 396.0, 400.0, 408.0, 408.0, 400.0, 404.0]",0,1,0,Mid_vt,1
7,125,"[360.0, 360.0, 360.0, 356.0, 356.0, 360.0, 360.0, 356.0, 356.0, 356.0, 360.0, 352.0, 356.0, 352.0, 360.0, 360.0, 352.0, 356.0, 360.0, 360.0, 352.0, 352.0, 360.0, 360.0, 356.0, 360.0, 356.0, 352.0, 360.0, 352.0, 356.0, 360.0, 356.0, 352.0, 360.0, 356.0, 352.0, 360.0, 356.0, 356.0, 356.0, 356.0, 352.0, 356.0, 352.0, 360.0, 352.0, 356.0, 352.0, 356.0, 356.0, 352.0, 356.0, 356.0, 356.0, 348.0, 356.0, 352.0, 352.0, 352.0, 352.0, 356.0, 348.0, 352.0, 356.0, 348.0, 352.0, 356.0, 348.0, 348.0, 356.0, 348.0, 352.0, 352.0, 352.0, 348.0, 348.0, 352.0, 352.0, 348.0, 348.0, 352.0, 344.0, 352.0, 344.0, 352.0, 356.0, 352.0, 352.0, 352.0, 352.0, 356.0, 352.0, 352.0, 356.0, 348.0, 352.0, 352.0, 352.0, 348.0]",0,0,1,Supra_vt2,1
7,125,"[356.0, 352.0, 356.0, 356.0, 356.0, 348.0, 356.0, 352.0, 352.0, 352.0, 352.0, 356.0, 348.0, 352.0, 356.0, 348.0, 352.0, 356.0, 348.0, 348.0, 356.0, 348.0, 352.0, 352.0, 352.0, 348.0, 348.0, 352.0, 352.0, 348.0, 348.0, 352.0, 344.0, 352.0, 344.0, 352.0, 356.0, 352.0, 352.0, 352.0, 352.0, 356.0, 352.0, 352.0, 356.0, 348.0, 352.0, 352.0, 352.0, 348.0, 352.0, 352.0, 352.0, 348.0, 352.0, 348.0, 348.0, 356.0, 348.0, 348.0, 348.0, 352.0, 348.0, 348.0, 352.0, 348.0, 348.0, 348.0, 352.0, 352.0, 348.0, 348.0, 348.0, 348.0, 348.0, 352.0, 348.0, 348.0, 344.0, 348.0, 352.0, 348.0, 344.0, 352.0, 348.0, 348.0, 344.0, 348.0, 348.0, 348.0, 344.0, 348.0, 348.0, 348.0, 348.0, 344.0, 348.0, 344.0, 344.0, 352.0]",0,0,1,Supra_vt2,1
7,140,"[348.0, 340.0, 348.0, 340.0, 344.0, 344.0, 348.0, 340.0, 344.0, 344.0, 344.0, 344.0, 340.0, 344.0, 344.0, 340.0, 344.0, 344.0, 344.0, 344.0, 344.0, 340.0, 344.0, 348.0, 336.0, 344.0, 344.0, 344.0, 344.0, 340.0, 340.0, 344.0, 348.0, 340.0, 344.0, 344.0, 340.0, 340.0, 344.0, 344.0, 340.0, 344.0, 340.0, 348.0, 340.0, 340.0, 344.0, 340.0, 340.0, 348.0, 344.0, 340.0, 344.0, 340.0, 336.0, 344.0, 344.0, 340.0, 348.0, 344.0, 336.0, 340.0, 340.0, 348.0, 340.0, 344.0, 340.0, 348.0, 340.0, 344.0, 348.0, 340.0, 344.0, 344.0, 340.0, 344.0, 344.0, 340.0, 344.0, 340.0, 344.0, 340.0, 340.0, 344.0, 340.0, 340.0, 340.0, 344.0, 336.0, 332.0, 348.0, 336.0, 348.0, 340.0, 340.0, 336.0, 340.0, 348.0, 332.0, 348.0]",0,0,1,Supra_vt2,1
7,140,"[344.0, 340.0, 344.0, 340.0, 336.0, 344.0, 344.0, 340.0, 348.0, 344.0, 336.0, 340.0, 340.0, 348.0, 340.0, 344.0, 340.0, 348.0, 340.0, 344.0, 348.0, 340.0, 344.0, 344.0, 340.0, 344.0, 344.0, 340.0, 344.0, 340.0, 344.0, 340.0, 340.0, 344.0, 340.0, 340.0, 340.0, 344.0, 336.0, 332.0, 348.0, 336.0, 348.0, 340.0, 340.0, 336.0, 340.0, 348.0, 332.0, 348.0, 340.0, 340.0, 340.0, 344.0, 340.0, 340.0, 340.0, 344.0, 340.0, 340.0, 336.0, 340.0, 340.0, 340.0, 336.0, 336.0, 348.0, 336.0, 336.0, 340.0, 340.0, 340.0, 336.0, 340.0, 344.0, 336.0, 340.0, 336.0, 340.0, 340.0, 336.0, 340.0, 336.0, 336.0, 340.0, 332.0, 340.0, 336.0, 336.0, 336.0, 340.0, 332.0, 340.0, 340.0, 332.0, 340.0, 332.0, 336.0, 336.0, 336.0]",0,0,1,Supra_vt2,1
7,155,"[336.0, 332.0, 336.0, 328.0, 340.0, 328.0, 332.0, 332.0, 336.0, 332.0, 332.0, 332.0, 332.0, 336.0, 328.0, 332.0, 336.0, 328.0, 332.0, 332.0, 336.0, 332.0, 328.0, 340.0, 328.0, 328.0, 336.0, 332.0, 336.0, 328.0, 336.0, 336.0, 328.0, 336.0, 332.0, 328.0, 340.0, 328.0, 332.0, 336.0, 328.0, 336.0, 336.0, 328.0, 336.0, 328.0, 332.0, 332.0, 332.0, 332.0, 332.0, 332.0, 332.0, 328.0, 336.0, 328.0, 336.0, 332.0, 328.0, 308.0, 348.0, 332.0, 328.0, 332.0, 332.0, 328.0, 332.0, 328.0, 332.0, 328.0, 332.0, 328.0, 332.0, 304.0, 352.0, 328.0, 332.0, 332.0, 324.0, 332.0, 328.0, 324.0, 328.0, 332.0, 328.0, 328.0, 332.0, 320.0, 328.0, 332.0, 320.0, 336.0, 328.0, 320.0, 332.0, 328.0, 324.0, 332.0, 320.0, 328.0]",0,0,1,Supra_vt2,1
7,155,"[332.0, 332.0, 332.0, 328.0, 336.0, 328.0, 336.0, 332.0, 328.0, 308.0, 348.0, 332.0, 328.0, 332.0, 332.0, 328.0, 332.0, 328.0, 332.0, 328.0, 332.0, 328.0, 332.0, 304.0, 352.0, 328.0, 332.0, 332.0, 324.0, 332.0, 328.0, 324.0, 328.0, 332.0, 328.0, 328.0, 332.0, 320.0, 328.0, 332.0, 320.0, 336.0, 328.0, 320.0, 332.0, 328.0, 324.0, 332.0, 320.0, 328.0, 324.0, 324.0, 328.0, 324.0, 324.0, 328.0, 324.0, 324.0, 324.0, 332.0, 320.0, 328.0, 320.0, 324.0, 324.0, 328.0, 320.0, 328.0, 320.0, 320.0, 328.0, 316.0, 332.0, 320.0, 324.0, 324.0, 320.0, 324.0, 324.0, 320.0, 324.0, 324.0, 320.0, 328.0, 320.0, 320.0, 324.0, 320.0, 324.0, 324.0, 320.0, 320.0, 324.0, 272.0, 372.0, 320.0, 324.0, 320.0, 320.0, 324.0]",0,0,1,Supra_vt2,1
8,50,"[656.0, 720.0, 692.0, 628.0, 636.0, 676.0, 664.0, 648.0, 596.0, 620.0, 608.0, 628.0, 568.0, 576.0, 584.0, 584.0, 580.0, 580.0, 576.0, 572.0, 568.0, 600.0, 632.0, 616.0, 584.0, 572.0, 568.0, 568.0, 572.0, 576.0, 572.0, 572.0, 568.0, 564.0, 552.0, 556.0, 552.0, 548.0, 540.0, 540.0, 540.0, 544.0, 532.0, 540.0, 548.0, 536.0, 540.0, 544.0, 532.0, 532.0, 520.0, 516.0, 512.0, 508.0, 504.0, 504.0, 508.0, 520.0, 520.0, 508.0, 500.0, 504.0, 500.0, 504.0, 508.0, 508.0, 500.0, 500.0, 504.0, 504.0, 500.0, 500.0, 504.0, 504.0, 492.0, 500.0, 496.0, 500.0, 500.0, 496.0, 496.0, 500.0, 496.0, 492.0, 492.0, 496.0, 496.0, 500.0, 496.0, 496.0, 508.0, 500.0, 508.0, 496.0, 496.0, 496.0, 500.0, 496.0, 484.0, 492.0]",1,0,0,Sub_vt1,0
8,50,"[520.0, 516.0, 512.0, 508.0, 504.0, 504.0, 508.0, 520.0, 520.0, 508.0, 500.0, 504.0, 500.0, 504.0, 508.0, 508.0, 500.0, 500.0, 504.0, 504.0, 500.0, 500.0, 504.0, 504.0, 492.0, 500.0, 496.0, 500.0, 500.0, 496.0, 496.0, 500.0, 496.0, 492.0, 492.0, 496.0, 496.0, 500.0, 496.0, 496.0, 508.0, 500.0, 508.0, 496.0, 496.0, 496.0, 500.0, 496.0, 484.0, 492.0, 484.0, 496.0, 496.0, 500.0, 492.0, 488.0, 492.0, 496.0, 484.0, 484.0, 488.0, 492.0, 492.0, 496.0, 488.0, 484.0, 492.0, 492.0, 488.0, 484.0, 492.0, 492.0, 484.0, 488.0, 492.0, 496.0, 480.0, 488.0, 484.0, 496.0, 492.0, 492.0, 488.0, 488.0, 484.0, 492.0, 484.0, 480.0, 476.0, 476.0, 472.0, 476.0, 488.0, 492.0, 496.0, 500.0, 492.0, 492.0, 488.0, 484.0]",1,0,0,Sub_vt1,0
8,50,"[484.0, 496.0, 496.0, 500.0, 492.0, 488.0, 492.0, 496.0, 484.0, 484.0, 488.0, 492.0, 492.0, 496.0, 488.0, 484.0, 492.0, 492.0, 488.0, 484.0, 492.0, 492.0, 484.0, 488.0, 492.0, 496.0, 480.0, 488.0, 484.0, 496.0, 492.0, 492.0, 488.0, 488.0, 484.0, 492.0, 484.0, 480.0, 476.0, 476.0, 472.0, 476.0, 488.0, 492.0, 496.0, 500.0, 492.0, 492.0, 488.0, 484.0, 484.0, 488.0, 484.0, 484.0, 488.0, 488.0, 492.0, 504.0, 516.0, 504.0, 500.0, 508.0, 504.0, 496.0, 500.0, 504.0, 496.0, 496.0, 500.0, 504.0, 496.0, 504.0, 504.0, 504.0, 500.0, 504.0, 508.0, 504.0, 496.0, 500.0, 500.0, 512.0, 504.0, 500.0, 500.0, 504.0, 508.0, 500.0, 496.0, 508.0, 500.0, 496.0, 480.0, 488.0, 484.0, 480.0, 492.0, 504.0, 516.0, 520.0]",1,0,0,Sub_vt1,0
8,50,"[484.0, 488.0, 484.0, 484.0, 488.0, 488.0, 492.0, 504.0, 516.0, 504.0, 500.0, 508.0, 504.0, 496.0, 500.0, 504.0, 496.0, 496.0, 500.0, 504.0, 496.0, 504.0, 504.0, 504.0, 500.0, 504.0, 508.0, 504.0, 496.0, 500.0, 500.0, 512.0, 504.0, 500.0, 500.0, 504.0, 508.0, 500.0, 496.0, 508.0, 500.0, 496.0, 480.0, 488.0, 484.0, 480.0, 492.0, 504.0, 516.0, 520.0, 504.0, 504.0, 488.0, 496.0, 488.0, 488.0, 480.0, 476.0, 488.0, 488.0, 492.0, 496.0, 484.0, 500.0, 492.0, 488.0, 488.0, 500.0, 500.0, 488.0, 496.0, 496.0, 492.0, 492.0, 496.0, 504.0, 496.0, 492.0, 492.0, 500.0, 496.0, 488.0, 496.0, 496.0, 496.0, 488.0, 488.0, 500.0, 500.0, 500.0, 488.0, 492.0, 488.0, 492.0, 516.0, 516.0, 532.0, 520.0, 504.0, 496.0]",1,0,0,Sub_vt1,0
8,50,"[504.0, 504.0, 488.0, 496.0, 488.0, 488.0, 480.0, 476.0, 488.0, 488.0, 492.0, 496.0, 484.0, 500.0, 492.0, 488.0, 488.0, 500.0, 500.0, 488.0, 496.0, 496.0, 492.0, 492.0, 496.0, 504.0, 496.0, 492.0, 492.0, 500.0, 496.0, 488.0, 496.0, 496.0, 496.0, 488.0, 488.0, 500.0, 500.0, 500.0, 488.0, 492.0, 488.0, 492.0, 516.0, 516.0, 532.0, 520.0, 504.0, 496.0, 500.0, 492.0, 488.0, 480.0, 484.0, 484.0, 496.0, 504.0, 500.0, 500.0, 496.0, 504.0, 504.0, 500.0, 504.0, 508.0, 500.0, 504.0, 508.0, 504.0, 508.0, 516.0, 524.0, 512.0, 512.0, 512.0, 504.0, 508.0, 516.0, 508.0, 496.0, 496.0, 504.0, 492.0, 496.0, 500.0, 500.0, 496.0, 496.0, 500.0, 500.0, 496.0, 496.0, 492.0, 496.0, 484.0, 496.0, 500.0, 492.0, 492.0]",1,0,0,Sub_vt1,0
8,50,"[500.0, 492.0, 488.0, 480.0, 484.0, 484.0, 496.0, 504.0, 500.0, 500.0, 496.0, 504.0, 504.0, 500.0, 504.0, 508.0, 500.0, 504.0, 508.0, 504.0, 508.0, 516.0, 524.0, 512.0, 512.0, 512.0, 504.0, 508.0, 516.0, 508.0, 496.0, 496.0, 504.0, 492.0, 496.0, 500.0, 500.0, 496.0, 496.0, 500.0, 500.0, 496.0, 496.0, 492.0, 496.0, 484.0, 496.0, 500.0, 492.0, 492.0, 500.0, 508.0, 508.0, 516.0, 528.0, 516.0, 516.0, 524.0, 520.0, 508.0, 516.0, 520.0, 524.0, 512.0, 520.0, 520.0, 516.0, 508.0, 516.0, 512.0, 504.0, 504.0, 504.0, 504.0, 512.0, 516.0, 520.0, 508.0, 496.0, 500.0, 496.0, 492.0, 492.0, 488.0, 492.0, 488.0, 484.0, 496.0, 496.0, 492.0, 492.0, 496.0, 496.0, 488.0, 492.0, 492.0, 484.0, 480.0, 484.0, 492.0]",1,0,0,Sub_vt1,0
8,65,"[492.0, 492.0, 492.0, 492.0, 492.0, 496.0, 488.0, 484.0, 484.0, 492.0, 492.0, 480.0, 488.0, 488.0, 492.0, 488.0, 484.0, 492.0, 492.0, 492.0, 480.0, 480.0, 492.0, 476.0, 476.0, 480.0, 484.0, 488.0, 484.0, 492.0, 500.0, 496.0, 496.0, 500.0, 500.0, 488.0, 496.0, 500.0, 512.0, 504.0, 500.0, 508.0, 508.0, 496.0, 504.0, 508.0, 500.0, 496.0, 504.0, 508.0, 504.0, 500.0, 500.0, 508.0, 496.0, 504.0, 508.0, 492.0, 492.0, 488.0, 496.0, 496.0, 488.0, 488.0, 496.0, 496.0, 488.0, 476.0, 484.0, 484.0, 484.0, 480.0, 488.0, 492.0, 484.0, 488.0, 492.0, 500.0, 492.0, 496.0, 504.0, 496.0, 492.0, 508.0, 504.0, 496.0, 500.0, 504.0, 488.0, 484.0, 492.0, 488.0, 480.0, 484.0, 484.0, 484.0, 468.0, 476.0, 472.0, 476.0]",1,0,0,Sub_vt1,0
8,95,"[456.0, 456.0, 452.0, 452.0, 452.0, 452.0, 424.0, 476.0, 448.0, 448.0, 444.0, 448.0, 444.0, 440.0, 444.0, 444.0, 440.0, 444.0, 440.0, 440.0, 444.0, 436.0, 440.0, 440.0, 444.0, 436.0, 444.0, 440.0, 440.0, 436.0, 444.0, 436.0, 440.0, 440.0, 444.0, 436.0, 440.0, 432.0, 448.0, 448.0, 452.0, 440.0, 444.0, 448.0, 444.0, 436.0, 436.0, 432.0, 440.0, 432.0, 428.0, 432.0, 424.0, 424.0, 420.0, 424.0, 416.0, 420.0, 416.0, 420.0, 416.0, 416.0, 420.0, 420.0, 416.0, 416.0, 420.0, 412.0, 420.0, 416.0, 420.0, 400.0, 424.0, 420.0, 416.0, 412.0, 416.0, 416.0, 416.0, 388.0, 436.0, 396.0, 432.0, 408.0, 412.0, 408.0, 412.0, 408.0, 412.0, 384.0, 436.0, 412.0, 412.0, 412.0, 408.0, 408.0, 408.0, 408.0, 408.0, 400.0]",0,1,0,Mid_vt,1
8,110,"[396.0, 404.0, 396.0, 396.0, 396.0, 400.0, 392.0, 396.0, 396.0, 396.0, 392.0, 392.0, 400.0, 396.0, 388.0, 392.0, 388.0, 400.0, 400.0, 416.0, 404.0, 404.0, 404.0, 408.0, 404.0, 400.0, 404.0, 404.0, 396.0, 400.0, 400.0, 400.0, 396.0, 400.0, 396.0, 400.0, 392.0, 400.0, 400.0, 396.0, 396.0, 400.0, 400.0, 392.0, 396.0, 396.0, 392.0, 392.0, 388.0, 396.0, 388.0, 384.0, 392.0, 392.0, 388.0, 392.0, 392.0, 392.0, 396.0, 388.0, 392.0, 400.0, 392.0, 392.0, 396.0, 396.0, 396.0, 396.0, 388.0, 388.0, 396.0, 396.0, 396.0, 392.0, 392.0, 392.0, 396.0, 396.0, 392.0, 396.0, 396.0, 396.0, 392.0, 396.0, 400.0, 392.0, 392.0, 396.0, 396.0, 388.0, 392.0, 392.0, 400.0, 396.0, 400.0, 392.0, 396.0, 392.0, 396.0, 392.0]",0,1,0,Mid_vt,1
8,110,"[388.0, 384.0, 392.0, 392.0, 388.0, 392.0, 392.0, 392.0, 396.0, 388.0, 392.0, 400.0, 392.0, 392.0, 396.0, 396.0, 396.0, 396.0, 388.0, 388.0, 396.0, 396.0, 396.0, 392.0, 392.0, 392.0, 396.0, 396.0, 392.0, 396.0, 396.0, 396.0, 392.0, 396.0, 400.0, 392.0, 392.0, 396.0, 396.0, 388.0, 392.0, 392.0, 400.0, 396.0, 400.0, 392.0, 396.0, 392.0, 396.0, 392.0, 396.0, 388.0, 392.0, 396.0, 388.0, 388.0, 392.0, 392.0, 388.0, 388.0, 392.0, 396.0, 388.0, 388.0, 388.0, 396.0, 388.0, 384.0, 392.0, 388.0, 392.0, 384.0, 388.0, 392.0, 384.0, 384.0, 388.0, 388.0, 380.0, 384.0, 376.0, 388.0, 388.0, 384.0, 384.0, 384.0, 384.0, 384.0, 384.0, 380.0, 384.0, 380.0, 376.0, 380.0, 380.0, 376.0, 376.0, 376.0, 380.0, 376.0]",0,1,0,Mid_vt,1
8,155,"[340.0, 340.0, 340.0, 344.0, 336.0, 340.0, 336.0, 340.0, 344.0, 340.0, 340.0, 340.0, 340.0, 344.0, 344.0, 340.0, 340.0, 340.0, 344.0, 340.0, 340.0, 340.0, 340.0, 340.0, 340.0, 344.0, 340.0, 340.0, 336.0, 340.0, 340.0, 344.0, 336.0, 340.0, 340.0, 340.0, 340.0, 340.0, 344.0, 340.0, 336.0, 340.0, 340.0, 336.0, 340.0, 344.0, 336.0, 316.0, 364.0, 340.0, 336.0, 316.0, 364.0, 336.0, 336.0, 340.0, 340.0, 332.0, 340.0, 336.0, 340.0, 332.0, 336.0, 340.0, 328.0, 344.0, 336.0, 336.0, 312.0, 364.0, 336.0, 336.0, 396.0, 336.0, 332.0, 336.0, 336.0, 332.0, 336.0, 332.0, 336.0, 336.0, 332.0, 336.0, 336.0, 332.0, 336.0, 336.0, 332.0, 336.0, 332.0, 336.0, 328.0, 340.0, 332.0, 332.0, 336.0, 332.0, 332.0, 332.0]",0,0,1,Supra_vt2,1
8,170,"[332.0, 332.0, 336.0, 332.0, 332.0, 336.0, 336.0, 332.0, 332.0, 332.0, 340.0, 332.0, 332.0, 332.0, 332.0, 336.0, 332.0, 332.0, 332.0, 356.0, 308.0, 328.0, 308.0, 356.0, 332.0, 332.0, 332.0, 332.0, 332.0, 332.0, 328.0, 332.0, 332.0, 328.0, 332.0, 332.0, 328.0, 332.0, 328.0, 332.0, 336.0, 328.0, 328.0, 332.0, 336.0, 328.0, 328.0, 328.0, 332.0, 328.0, 332.0, 328.0, 328.0, 332.0, 328.0, 328.0, 332.0, 328.0, 308.0, 324.0, 352.0, 328.0, 332.0, 328.0, 300.0, 352.0, 328.0, 332.0, 328.0, 324.0, 328.0, 332.0, 324.0, 324.0, 332.0, 328.0, 324.0, 328.0, 324.0, 328.0, 324.0, 328.0, 328.0, 324.0, 328.0, 332.0, 320.0, 328.0, 328.0, 324.0, 324.0, 308.0, 348.0, 324.0, 328.0, 324.0, 332.0, 324.0, 324.0, 332.0]",0,0,1,Supra_vt2,1
9,65,"[408.0, 408.0, 408.0, 404.0, 408.0, 404.0, 404.0, 404.0, 408.0, 400.0, 400.0, 400.0, 408.0, 400.0, 400.0, 408.0, 404.0, 400.0, 400.0, 404.0, 408.0, 404.0, 404.0, 408.0, 408.0, 404.0, 408.0, 408.0, 404.0, 404.0, 404.0, 404.0, 400.0, 400.0, 404.0, 408.0, 404.0, 400.0, 400.0, 396.0, 400.0, 396.0, 396.0, 400.0, 396.0, 396.0, 396.0, 400.0, 400.0, 392.0, 396.0, 396.0, 396.0, 392.0, 400.0, 396.0, 396.0, 400.0, 400.0, 396.0, 400.0, 400.0, 404.0, 400.0, 408.0, 408.0, 400.0, 404.0, 404.0, 408.0, 400.0, 408.0, 404.0, 400.0, 400.0, 400.0, 400.0, 400.0, 396.0, 396.0, 400.0, 400.0, 404.0, 400.0, 400.0, 404.0, 400.0, 404.0, 400.0, 400.0, 400.0, 400.0, 400.0, 396.0, 396.0, 400.0, 396.0, 396.0, 400.0, 400.0]",0,1,0,Mid_vt,1
9,80,"[396.0, 392.0, 392.0, 396.0, 392.0, 388.0, 392.0, 396.0, 388.0, 388.0, 392.0, 388.0, 388.0, 388.0, 384.0, 384.0, 384.0, 388.0, 384.0, 380.0, 384.0, 384.0, 384.0, 380.0, 384.0, 384.0, 380.0, 380.0, 384.0, 384.0, 380.0, 380.0, 380.0, 384.0, 380.0, 376.0, 380.0, 376.0, 372.0, 380.0, 376.0, 376.0, 376.0, 376.0, 376.0, 376.0, 376.0, 380.0, 376.0, 372.0, 380.0, 376.0, 376.0, 376.0, 380.0, 380.0, 380.0, 384.0, 384.0, 384.0, 388.0, 388.0, 384.0, 388.0, 388.0, 384.0, 388.0, 388.0, 380.0, 388.0, 388.0, 380.0, 388.0, 384.0, 384.0, 388.0, 388.0, 392.0, 400.0, 404.0, 408.0, 412.0, 416.0, 416.0, 424.0, 420.0, 416.0, 420.0, 416.0, 416.0, 416.0, 420.0, 416.0, 416.0, 420.0, 412.0, 412.0, 416.0, 408.0, 408.0]",0,1,0,Mid_vt,1
9,80,"[380.0, 376.0, 376.0, 376.0, 380.0, 380.0, 380.0, 384.0, 384.0, 384.0, 388.0, 388.0, 384.0, 388.0, 388.0, 384.0, 388.0, 388.0, 380.0, 388.0, 388.0, 380.0, 388.0, 384.0, 384.0, 388.0, 388.0, 392.0, 400.0, 404.0, 408.0, 412.0, 416.0, 416.0, 424.0, 420.0, 416.0, 420.0, 416.0, 416.0, 416.0, 420.0, 416.0, 416.0, 420.0, 412.0, 412.0, 416.0, 408.0, 408.0, 408.0, 408.0, 404.0, 404.0, 408.0, 408.0, 404.0, 404.0, 408.0, 404.0, 404.0, 404.0, 404.0, 404.0, 408.0, 404.0, 400.0, 404.0, 400.0, 400.0, 400.0, 396.0, 392.0, 396.0, 392.0, 388.0, 392.0, 392.0, 388.0, 388.0, 388.0, 388.0, 384.0, 388.0, 388.0, 384.0, 384.0, 388.0, 384.0, 384.0, 388.0, 384.0, 384.0, 384.0, 384.0, 384.0, 384.0, 384.0, 384.0, 384.0]",0,1,0,Mid_vt,1
9,95,"[388.0, 388.0, 392.0, 388.0, 388.0, 388.0, 388.0, 384.0, 388.0, 384.0, 384.0, 380.0, 384.0, 380.0, 380.0, 380.0, 380.0, 380.0, 376.0, 380.0, 380.0, 376.0, 380.0, 380.0, 376.0, 376.0, 380.0, 380.0, 380.0, 380.0, 384.0, 388.0, 388.0, 392.0, 392.0, 392.0, 392.0, 396.0, 396.0, 392.0, 392.0, 392.0, 388.0, 392.0, 392.0, 384.0, 384.0, 392.0, 384.0, 384.0, 384.0, 384.0, 384.0, 380.0, 384.0, 384.0, 384.0, 384.0, 384.0, 384.0, 376.0, 380.0, 380.0, 376.0, 380.0, 380.0, 376.0, 376.0, 380.0, 380.0, 380.0, 380.0, 380.0, 380.0, 380.0, 380.0, 380.0, 380.0, 380.0, 380.0, 380.0, 384.0, 384.0, 384.0, 388.0, 384.0, 392.0, 388.0, 388.0, 388.0, 388.0, 384.0, 384.0, 380.0, 380.0, 380.0, 380.0, 376.0, 376.0, 380.0]",0,1,0,Mid_vt,1
9,95,"[384.0, 384.0, 384.0, 380.0, 384.0, 384.0, 384.0, 384.0, 384.0, 384.0, 376.0, 380.0, 380.0, 376.0, 380.0, 380.0, 376.0, 376.0, 380.0, 380.0, 380.0, 380.0, 380.0, 380.0, 380.0, 380.0, 380.0, 380.0, 380.0, 380.0, 380.0, 384.0, 384.0, 384.0, 388.0, 384.0, 392.0, 388.0, 388.0, 388.0, 388.0, 384.0, 384.0, 380.0, 380.0, 380.0, 380.0, 376.0, 376.0, 380.0, 380.0, 372.0, 380.0, 376.0, 372.0, 372.0, 376.0, 372.0, 368.0, 372.0, 372.0, 372.0, 368.0, 372.0, 372.0, 364.0, 372.0, 368.0, 368.0, 368.0, 368.0, 364.0, 368.0, 368.0, 364.0, 360.0, 364.0, 368.0, 360.0, 364.0, 364.0, 356.0, 364.0, 360.0, 364.0, 360.0, 360.0, 360.0, 360.0, 364.0, 360.0, 360.0, 364.0, 360.0, 360.0, 360.0, 364.0, 360.0, 360.0, 360.0]",0,1,0,Mid_vt,1
9,110,"[356.0, 364.0, 356.0, 360.0, 360.0, 360.0, 356.0, 360.0, 356.0, 360.0, 356.0, 360.0, 356.0, 356.0, 356.0, 356.0, 352.0, 360.0, 352.0, 356.0, 352.0, 356.0, 352.0, 352.0, 356.0, 348.0, 352.0, 356.0, 352.0, 352.0, 352.0, 356.0, 348.0, 352.0, 352.0, 352.0, 352.0, 356.0, 352.0, 352.0, 352.0, 356.0, 352.0, 352.0, 356.0, 352.0, 352.0, 352.0, 352.0, 356.0, 348.0, 352.0, 352.0, 348.0, 352.0, 352.0, 352.0, 348.0, 352.0, 352.0, 348.0, 352.0, 352.0, 356.0, 348.0, 352.0, 356.0, 356.0, 352.0, 356.0, 356.0, 352.0, 352.0, 356.0, 352.0, 352.0, 356.0, 352.0, 352.0, 352.0, 352.0, 352.0, 352.0, 348.0, 356.0, 352.0, 348.0, 348.0, 352.0, 352.0, 348.0, 352.0, 348.0, 348.0, 352.0, 352.0, 348.0, 348.0, 352.0, 348.0]",0,1,0,Mid_vt,1
9,110,"[348.0, 352.0, 352.0, 348.0, 352.0, 352.0, 352.0, 348.0, 352.0, 352.0, 348.0, 352.0, 352.0, 356.0, 348.0, 352.0, 356.0, 356.0, 352.0, 356.0, 356.0, 352.0, 352.0, 356.0, 352.0, 352.0, 356.0, 352.0, 352.0, 352.0, 352.0, 352.0, 352.0, 348.0, 356.0, 352.0, 348.0, 348.0, 352.0, 352.0, 348.0, 352.0, 348.0, 348.0, 352.0, 352.0, 348.0, 348.0, 352.0, 348.0, 348.0, 352.0, 348.0, 352.0, 348.0, 352.0, 348.0, 352.0, 352.0, 352.0, 352.0, 352.0, 352.0, 356.0, 352.0, 356.0, 356.0, 356.0, 356.0, 360.0, 356.0, 356.0, 356.0, 360.0, 352.0, 356.0, 356.0, 356.0, 356.0, 360.0, 356.0, 356.0, 356.0, 360.0, 360.0, 352.0, 360.0, 356.0, 356.0, 356.0, 360.0, 360.0, 352.0, 360.0, 356.0, 356.0, 356.0, 356.0, 360.0, 352.0]",0,1,0,Mid_vt,1
9,140,"[356.0, 360.0, 360.0, 360.0, 364.0, 364.0, 360.0, 364.0, 360.0, 356.0, 360.0, 356.0, 352.0, 356.0, 356.0, 348.0, 352.0, 352.0, 352.0, 348.0, 352.0, 352.0, 348.0, 348.0, 352.0, 348.0, 348.0, 352.0, 352.0, 348.0, 352.0, 348.0, 344.0, 352.0, 348.0, 344.0, 348.0, 344.0, 344.0, 344.0, 348.0, 344.0, 344.0, 344.0, 344.0, 344.0, 344.0, 340.0, 344.0, 348.0, 340.0, 344.0, 340.0, 340.0, 340.0, 344.0, 340.0, 336.0, 340.0, 336.0, 344.0, 340.0, 336.0, 340.0, 340.0, 336.0, 340.0, 340.0, 336.0, 340.0, 340.0, 336.0, 336.0, 340.0, 340.0, 336.0, 336.0, 336.0, 336.0, 336.0, 336.0, 336.0, 340.0, 336.0, 332.0, 340.0, 336.0, 336.0, 336.0, 336.0, 336.0, 336.0, 332.0, 332.0, 336.0, 332.0, 336.0, 332.0, 332.0, 336.0]",0,0,1,Supra_vt2,1
9,140,"[340.0, 344.0, 340.0, 340.0, 340.0, 344.0, 340.0, 336.0, 340.0, 336.0, 344.0, 340.0, 336.0, 340.0, 340.0, 336.0, 340.0, 340.0, 336.0, 340.0, 340.0, 336.0, 336.0, 340.0, 340.0, 336.0, 336.0, 336.0, 336.0, 336.0, 336.0, 336.0, 340.0, 336.0, 332.0, 340.0, 336.0, 336.0, 336.0, 336.0, 336.0, 336.0, 332.0, 332.0, 336.0, 332.0, 336.0, 332.0, 332.0, 336.0, 332.0, 332.0, 336.0, 332.0, 332.0, 332.0, 336.0, 332.0, 332.0, 332.0, 332.0, 336.0, 332.0, 332.0, 332.0, 336.0, 332.0, 336.0, 332.0, 336.0, 336.0, 336.0, 332.0, 336.0, 336.0, 332.0, 336.0, 336.0, 336.0, 332.0, 336.0, 332.0, 332.0, 332.0, 336.0, 328.0, 336.0, 332.0, 332.0, 332.0, 332.0, 332.0, 332.0, 332.0, 332.0, 332.0, 336.0, 336.0, 328.0, 332.0]",0,0,1,Supra_vt2,1
9,155,"[332.0, 332.0, 332.0, 332.0, 332.0, 332.0, 332.0, 332.0, 332.0, 332.0, 332.0, 332.0, 332.0, 332.0, 332.0, 332.0, 328.0, 332.0, 336.0, 328.0, 332.0, 332.0, 332.0, 332.0, 332.0, 328.0, 332.0, 332.0, 328.0, 332.0, 332.0, 328.0, 332.0, 328.0, 328.0, 332.0, 328.0, 328.0, 332.0, 328.0, 328.0, 332.0, 328.0, 328.0, 332.0, 328.0, 324.0, 332.0, 332.0, 324.0, 332.0, 328.0, 328.0, 324.0, 332.0, 328.0, 328.0, 328.0, 328.0, 328.0, 328.0, 328.0, 328.0, 328.0, 328.0, 328.0, 328.0, 328.0, 328.0, 328.0, 328.0, 328.0, 328.0, 328.0, 324.0, 328.0, 324.0, 328.0, 328.0, 324.0, 328.0, 324.0, 324.0, 328.0, 328.0, 324.0, 328.0, 324.0, 328.0, 328.0, 324.0, 328.0, 324.0, 328.0, 324.0, 328.0, 328.0, 328.0, 324.0, 332.0]",0,0,1,Supra_vt2,1
9,155,"[332.0, 328.0, 328.0, 324.0, 332.0, 328.0, 328.0, 328.0, 328.0, 328.0, 328.0, 328.0, 328.0, 328.0, 328.0, 328.0, 328.0, 328.0, 328.0, 328.0, 328.0, 328.0, 328.0, 328.0, 324.0, 328.0, 324.0, 328.0, 328.0, 324.0, 328.0, 324.0, 324.0, 328.0, 328.0, 324.0, 328.0, 324.0, 328.0, 328.0, 324.0, 328.0, 324.0, 328.0, 324.0, 328.0, 328.0, 328.0, 324.0, 332.0, 324.0, 328.0, 332.0, 328.0, 324.0, 332.0, 328.0, 328.0, 332.0, 332.0, 324.0, 332.0, 328.0, 332.0, 328.0, 332.0, 328.0, 328.0, 332.0, 332.0, 328.0, 332.0, 328.0, 328.0, 332.0, 332.0, 332.0, 328.0, 332.0, 332.0, 328.0, 336.0, 328.0, 332.0, 332.0, 332.0, 332.0, 328.0, 332.0, 332.0, 336.0, 332.0, 332.0, 332.0, 332.0, 332.0, 332.0, 332.0, 332.0, 336.0]",0,0,1,Supra_vt2,1
9,170,"[336.0, 332.0, 332.0, 332.0, 336.0, 336.0, 328.0, 336.0, 332.0, 332.0, 336.0, 332.0, 332.0, 332.0, 332.0, 332.0, 336.0, 328.0, 336.0, 332.0, 328.0, 332.0, 328.0, 328.0, 332.0, 328.0, 328.0, 332.0, 328.0, 332.0, 332.0, 324.0, 332.0, 332.0, 324.0, 332.0, 328.0, 328.0, 328.0, 332.0, 328.0, 328.0, 328.0, 328.0, 332.0, 328.0, 328.0, 332.0, 328.0, 328.0, 332.0, 328.0, 328.0, 328.0, 332.0, 328.0, 328.0, 328.0, 328.0, 328.0, 300.0, 356.0, 328.0, 328.0, 328.0, 328.0, 328.0, 328.0, 328.0, 328.0, 328.0, 324.0, 328.0, 328.0, 324.0, 332.0, 328.0, 324.0, 332.0, 328.0, 328.0, 332.0, 328.0, 332.0, 328.0, 332.0, 328.0, 328.0, 328.0, 332.0, 328.0, 332.0, 328.0, 332.0, 332.0, 324.0, 332.0, 328.0, 332.0, 328.0]",0,0,1,Supra_vt2,1
9,170,"[332.0, 328.0, 328.0, 328.0, 332.0, 328.0, 328.0, 328.0, 328.0, 328.0, 300.0, 356.0, 328.0, 328.0, 328.0, 328.0, 328.0, 328.0, 328.0, 328.0, 328.0, 324.0, 328.0, 328.0, 324.0, 332.0, 328.0, 324.0, 332.0, 328.0, 328.0, 332.0, 328.0, 332.0, 328.0, 332.0, 328.0, 328.0, 328.0, 332.0, 328.0, 332.0, 328.0, 332.0, 332.0, 324.0, 332.0, 328.0, 332.0, 328.0, 332.0, 328.0, 328.0, 332.0, 328.0, 332.0, 332.0, 332.0, 328.0, 332.0, 332.0, 328.0, 332.0, 332.0, 316.0, 344.0, 332.0, 328.0, 332.0, 332.0, 328.0, 332.0, 332.0, 328.0, 332.0, 328.0, 328.0, 332.0, 328.0, 332.0, 328.0, 332.0, 328.0, 332.0, 328.0, 332.0, 328.0, 332.0, 328.0, 332.0, 332.0, 328.0, 332.0, 328.0, 328.0, 328.0, 328.0, 328.0, 332.0, 324.0]",0,0,1,Supra_vt2,1
9,185,"[324.0, 324.0, 324.0, 328.0, 324.0, 320.0, 328.0, 328.0, 324.0, 324.0, 324.0, 324.0, 324.0, 320.0, 324.0, 324.0, 324.0, 324.0, 324.0, 324.0, 324.0, 324.0, 324.0, 324.0, 324.0, 328.0, 320.0, 324.0, 324.0, 324.0, 324.0, 328.0, 320.0, 324.0, 324.0, 324.0, 320.0, 324.0, 324.0, 320.0, 324.0, 324.0, 320.0, 324.0, 324.0, 320.0, 324.0, 320.0, 324.0, 324.0, 324.0, 324.0, 320.0, 324.0, 324.0, 324.0, 320.0, 324.0, 320.0, 324.0, 324.0, 320.0, 324.0, 320.0, 324.0, 320.0, 324.0, 324.0, 320.0, 320.0, 324.0, 320.0, 324.0, 320.0, 320.0, 324.0, 324.0, 320.0, 320.0, 320.0, 320.0, 320.0, 320.0, 320.0, 320.0, 324.0, 320.0, 328.0, 316.0, 324.0, 320.0, 320.0, 320.0, 324.0, 320.0, 320.0, 324.0, 316.0, 324.0, 316.0]",0,0,1,Supra_vt2,1
9,185,"[324.0, 324.0, 320.0, 324.0, 324.0, 324.0, 320.0, 324.0, 320.0, 324.0, 324.0, 320.0, 324.0, 320.0, 324.0, 320.0, 324.0, 324.0, 320.0, 320.0, 324.0, 320.0, 324.0, 320.0, 320.0, 324.0, 324.0, 320.0, 320.0, 320.0, 320.0, 320.0, 320.0, 320.0, 320.0, 324.0, 320.0, 328.0, 316.0, 324.0, 320.0, 320.0, 320.0, 324.0, 320.0, 320.0, 324.0, 316.0, 324.0, 316.0, 320.0, 324.0, 316.0, 320.0, 320.0, 324.0, 320.0, 320.0, 320.0, 320.0, 316.0, 320.0, 316.0, 320.0, 324.0, 320.0, 316.0, 320.0, 320.0, 316.0, 316.0, 316.0, 320.0, 320.0, 316.0, 316.0, 316.0, 320.0, 320.0, 316.0, 320.0, 320.0, 320.0, 316.0, 320.0, 320.0, 320.0, 316.0, 320.0, 316.0, 320.0, 320.0, 320.0, 316.0, 324.0, 316.0, 320.0, 316.0, 320.0, 320.0]",0,0,1,Supra_vt2,1
10,50,"[664.0, 656.0, 636.0, 636.0, 648.0, 632.0, 620.0, 624.0, 620.0, 604.0, 600.0, 604.0, 592.0, 588.0, 612.0, 620.0, 604.0, 608.0, 620.0, 600.0, 604.0, 612.0, 620.0, 600.0, 596.0, 588.0, 580.0, 584.0, 572.0, 580.0, 572.0, 568.0, 572.0, 564.0, 568.0, 564.0, 560.0, 572.0, 560.0, 564.0, 564.0, 556.0, 552.0, 552.0, 568.0, 560.0, 564.0, 564.0, 564.0, 556.0, 556.0, 568.0, 548.0, 540.0, 532.0, 520.0, 544.0, 528.0, 548.0, 528.0, 536.0, 544.0, 544.0, 532.0, 544.0, 548.0, 540.0, 548.0, 540.0, 544.0, 540.0, 544.0, 552.0, 544.0, 548.0, 536.0, 548.0, 532.0, 568.0, 544.0, 544.0, 556.0, 556.0, 548.0, 556.0, 556.0, 556.0, 544.0, 556.0, 556.0, 548.0, 556.0, 552.0, 544.0, 544.0, 544.0, 532.0, 536.0, 528.0, 532.0]",1,0,0,Sub_vt1,0
10,50,"[556.0, 568.0, 548.0, 540.0, 532.0, 520.0, 544.0, 528.0, 548.0, 528.0, 536.0, 544.0, 544.0, 532.0, 544.0, 548.0, 540.0, 548.0, 540.0, 544.0, 540.0, 544.0, 552.0, 544.0, 548.0, 536.0, 548.0, 532.0, 568.0, 544.0, 544.0, 556.0, 556.0, 548.0, 556.0, 556.0, 556.0, 544.0, 556.0, 556.0, 548.0, 556.0, 552.0, 544.0, 544.0, 544.0, 532.0, 536.0, 528.0, 532.0, 524.0, 528.0, 536.0, 536.0, 524.0, 528.0, 524.0, 540.0, 524.0, 536.0, 544.0, 536.0, 528.0, 540.0, 548.0, 564.0, 556.0, 556.0, 556.0, 560.0, 556.0, 548.0, 556.0, 540.0, 548.0, 540.0, 536.0, 528.0, 532.0, 528.0, 532.0, 520.0, 532.0, 548.0, 552.0, 544.0, 564.0, 600.0, 556.0, 552.0, 612.0, 636.0, 584.0, 576.0, 572.0, 560.0, 560.0, 556.0, 540.0, 556.0]",1,0,0,Sub_vt1,0
10,50,"[524.0, 528.0, 536.0, 536.0, 524.0, 528.0, 524.0, 540.0, 524.0, 536.0, 544.0, 536.0, 528.0, 540.0, 548.0, 564.0, 556.0, 556.0, 556.0, 560.0, 556.0, 548.0, 556.0, 540.0, 548.0, 540.0, 536.0, 528.0, 532.0, 528.0, 532.0, 520.0, 532.0, 548.0, 552.0, 544.0, 564.0, 600.0, 556.0, 552.0, 612.0, 636.0, 584.0, 576.0, 572.0, 560.0, 560.0, 556.0, 540.0, 556.0, 556.0, 536.0, 544.0, 544.0, 540.0, 544.0, 540.0, 536.0, 532.0, 532.0, 528.0, 532.0, 532.0, 520.0, 524.0, 524.0, 524.0, 516.0, 524.0, 524.0, 524.0, 524.0, 536.0, 520.0, 528.0, 520.0, 520.0, 520.0, 524.0, 536.0, 524.0, 524.0, 520.0, 524.0, 528.0, 536.0, 524.0, 528.0, 524.0, 516.0, 524.0, 528.0, 516.0, 520.0, 512.0, 508.0, 508.0, 512.0, 516.0, 516.0]",1,0,0,Sub_vt1,0
10,50,"[556.0, 536.0, 544.0, 544.0, 540.0, 544.0, 540.0, 536.0, 532.0, 532.0, 528.0, 532.0, 532.0, 520.0, 524.0, 524.0, 524.0, 516.0, 524.0, 524.0, 524.0, 524.0, 536.0, 520.0, 528.0, 520.0, 520.0, 520.0, 524.0, 536.0, 524.0, 524.0, 520.0, 524.0, 528.0, 536.0, 524.0, 528.0, 524.0, 516.0, 524.0, 528.0, 516.0, 520.0, 512.0, 508.0, 508.0, 512.0, 516.0, 516.0, 512.0, 512.0, 512.0, 504.0, 516.0, 512.0, 516.0, 516.0, 516.0, 524.0, 516.0, 524.0, 528.0, 524.0, 528.0, 524.0, 528.0, 516.0, 532.0, 524.0, 528.0, 512.0, 520.0, 524.0, 532.0, 524.0, 520.0, 528.0, 532.0, 520.0, 524.0, 524.0, 508.0, 516.0, 516.0, 520.0, 512.0, 512.0, 520.0, 516.0, 512.0, 516.0, 512.0, 512.0, 504.0, 512.0, 512.0, 512.0, 516.0, 512.0]",1,0,0,Sub_vt1,0
10,50,"[512.0, 512.0, 512.0, 504.0, 516.0, 512.0, 516.0, 516.0, 516.0, 524.0, 516.0, 524.0, 528.0, 524.0, 528.0, 524.0, 528.0, 516.0, 532.0, 524.0, 528.0, 512.0, 520.0, 524.0, 532.0, 524.0, 520.0, 528.0, 532.0, 520.0, 524.0, 524.0, 508.0, 516.0, 516.0, 520.0, 512.0, 512.0, 520.0, 516.0, 512.0, 516.0, 512.0, 512.0, 504.0, 512.0, 512.0, 512.0, 516.0, 512.0, 516.0, 524.0, 520.0, 516.0, 516.0, 512.0, 512.0, 520.0, 516.0, 516.0, 520.0, 528.0, 516.0, 524.0, 528.0, 520.0, 520.0, 520.0, 516.0, 508.0, 508.0, 508.0, 508.0, 508.0, 504.0, 516.0, 508.0, 516.0, 512.0, 500.0, 500.0, 512.0, 504.0, 512.0, 500.0, 496.0, 504.0, 500.0, 500.0, 508.0, 496.0, 496.0, 500.0, 500.0, 496.0, 492.0, 500.0, 492.0, 488.0, 492.0]",1,0,0,Sub_vt1,0
10,65,"[500.0, 492.0, 488.0, 488.0, 484.0, 476.0, 472.0, 476.0, 476.0, 492.0, 512.0, 500.0, 504.0, 516.0, 516.0, 520.0, 548.0, 536.0, 532.0, 540.0, 544.0, 528.0, 536.0, 524.0, 528.0, 520.0, 516.0, 516.0, 508.0, 508.0, 500.0, 500.0, 508.0, 500.0, 504.0, 504.0, 512.0, 504.0, 508.0, 516.0, 508.0, 500.0, 508.0, 496.0, 500.0, 492.0, 492.0, 492.0, 484.0, 484.0, 492.0, 500.0, 492.0, 504.0, 504.0, 504.0, 508.0, 512.0, 508.0, 512.0, 504.0, 504.0, 508.0, 500.0, 496.0, 496.0, 488.0, 492.0, 492.0, 500.0, 504.0, 492.0, 496.0, 496.0, 504.0, 492.0, 496.0, 492.0, 492.0, 488.0, 492.0, 488.0, 480.0, 484.0, 480.0, 472.0, 472.0, 476.0, 480.0, 476.0, 472.0, 468.0, 484.0, 480.0, 476.0, 476.0, 476.0, 480.0, 476.0, 480.0]",1,0,0,Sub_vt1,0
10,80,"[464.0, 468.0, 464.0, 460.0, 468.0, 464.0, 468.0, 464.0, 468.0, 460.0, 456.0, 464.0, 456.0, 452.0, 460.0, 456.0, 456.0, 464.0, 472.0, 468.0, 464.0, 468.0, 476.0, 464.0, 468.0, 472.0, 472.0, 472.0, 476.0, 476.0, 472.0, 472.0, 472.0, 468.0, 472.0, 468.0, 468.0, 464.0, 468.0, 468.0, 460.0, 464.0, 464.0, 460.0, 456.0, 460.0, 456.0, 460.0, 460.0, 456.0, 452.0, 460.0, 460.0, 452.0, 452.0, 452.0, 452.0, 448.0, 452.0, 448.0, 448.0, 444.0, 448.0, 448.0, 444.0, 440.0, 440.0, 436.0, 436.0, 432.0, 432.0, 432.0, 428.0, 432.0, 432.0, 428.0, 428.0, 432.0, 428.0, 428.0, 432.0, 432.0, 436.0, 432.0, 436.0, 436.0, 436.0, 440.0, 440.0, 440.0, 444.0, 444.0, 440.0, 436.0, 440.0, 444.0, 436.0, 436.0, 444.0, 440.0]",1,0,0,Sub_vt1,0
10,125,"[380.0, 376.0, 376.0, 376.0, 376.0, 376.0, 376.0, 372.0, 376.0, 372.0, 376.0, 368.0, 372.0, 372.0, 372.0, 372.0, 368.0, 372.0, 372.0, 372.0, 368.0, 368.0, 372.0, 368.0, 368.0, 372.0, 368.0, 372.0, 368.0, 368.0, 372.0, 368.0, 368.0, 372.0, 372.0, 368.0, 368.0, 372.0, 372.0, 364.0, 368.0, 372.0, 368.0, 368.0, 368.0, 372.0, 368.0, 364.0, 368.0, 372.0, 368.0, 368.0, 368.0, 368.0, 372.0, 368.0, 368.0, 372.0, 372.0, 364.0, 368.0, 368.0, 372.0, 368.0, 364.0, 364.0, 356.0, 368.0, 372.0, 364.0, 364.0, 368.0, 360.0, 364.0, 364.0, 364.0, 360.0, 360.0, 364.0, 360.0, 360.0, 360.0, 360.0, 360.0, 360.0, 360.0, 356.0, 360.0, 360.0, 360.0, 360.0, 360.0, 360.0, 360.0, 360.0, 360.0, 360.0, 360.0, 360.0, 360.0]",0,1,0,Mid_vt,1
10,125,"[368.0, 368.0, 368.0, 368.0, 372.0, 368.0, 368.0, 372.0, 372.0, 364.0, 368.0, 368.0, 372.0, 368.0, 364.0, 364.0, 356.0, 368.0, 372.0, 364.0, 364.0, 368.0, 360.0, 364.0, 364.0, 364.0, 360.0, 360.0, 364.0, 360.0, 360.0, 360.0, 360.0, 360.0, 360.0, 360.0, 356.0, 360.0, 360.0, 360.0, 360.0, 360.0, 360.0, 360.0, 360.0, 360.0, 360.0, 360.0, 360.0, 360.0, 360.0, 356.0, 356.0, 360.0, 360.0, 352.0, 356.0, 356.0, 360.0, 352.0, 356.0, 356.0, 336.0, 372.0, 356.0, 360.0, 356.0, 356.0, 356.0, 356.0, 356.0, 356.0, 360.0, 356.0, 360.0, 352.0, 356.0, 356.0, 360.0, 352.0, 360.0, 356.0, 356.0, 352.0, 356.0, 352.0, 356.0, 352.0, 352.0, 352.0, 356.0, 352.0, 352.0, 352.0, 352.0, 352.0, 356.0, 352.0, 352.0, 352.0]",0,1,0,Mid_vt,1
10,140,"[348.0, 352.0, 352.0, 348.0, 348.0, 348.0, 352.0, 348.0, 348.0, 348.0, 348.0, 348.0, 352.0, 348.0, 348.0, 344.0, 352.0, 348.0, 348.0, 348.0, 348.0, 352.0, 344.0, 348.0, 348.0, 352.0, 348.0, 348.0, 348.0, 348.0, 344.0, 348.0, 348.0, 344.0, 348.0, 344.0, 348.0, 344.0, 344.0, 348.0, 344.0, 344.0, 344.0, 344.0, 348.0, 340.0, 344.0, 344.0, 344.0, 340.0, 344.0, 344.0, 340.0, 344.0, 344.0, 340.0, 340.0, 344.0, 340.0, 344.0, 340.0, 344.0, 340.0, 340.0, 340.0, 340.0, 344.0, 336.0, 340.0, 340.0, 344.0, 340.0, 340.0, 340.0, 340.0, 340.0, 344.0, 340.0, 344.0, 340.0, 344.0, 340.0, 344.0, 340.0, 340.0, 340.0, 344.0, 336.0, 344.0, 340.0, 340.0, 336.0, 344.0, 336.0, 340.0, 340.0, 336.0, 324.0, 352.0, 336.0]",0,1,0,Mid_vt,1
10,140,"[344.0, 344.0, 340.0, 344.0, 344.0, 340.0, 340.0, 344.0, 340.0, 344.0, 340.0, 344.0, 340.0, 340.0, 340.0, 340.0, 344.0, 336.0, 340.0, 340.0, 344.0, 340.0, 340.0, 340.0, 340.0, 340.0, 344.0, 340.0, 344.0, 340.0, 344.0, 340.0, 344.0, 340.0, 340.0, 340.0, 344.0, 336.0, 344.0, 340.0, 340.0, 336.0, 344.0, 336.0, 340.0, 340.0, 336.0, 324.0, 352.0, 336.0, 340.0, 336.0, 340.0, 340.0, 336.0, 336.0, 340.0, 340.0, 336.0, 340.0, 340.0, 340.0, 340.0, 340.0, 340.0, 340.0, 340.0, 340.0, 340.0, 340.0, 340.0, 340.0, 340.0, 336.0, 340.0, 336.0, 340.0, 340.0, 336.0, 340.0, 336.0, 340.0, 340.0, 336.0, 340.0, 336.0, 340.0, 340.0, 336.0, 340.0, 340.0, 340.0, 336.0, 340.0, 344.0, 336.0, 344.0, 340.0, 344.0, 336.0]",0,1,0,Mid_vt,1
10,185,"[320.0, 320.0, 320.0, 316.0, 320.0, 320.0, 320.0, 316.0, 320.0, 320.0, 316.0, 320.0, 320.0, 320.0, 316.0, 320.0, 320.0, 320.0, 316.0, 320.0, 316.0, 320.0, 316.0, 320.0, 316.0, 316.0, 320.0, 320.0, 316.0, 316.0, 320.0, 316.0, 316.0, 320.0, 316.0, 320.0, 316.0, 320.0, 316.0, 316.0, 320.0, 316.0, 316.0, 320.0, 320.0, 316.0, 320.0, 320.0, 316.0, 324.0, 320.0, 316.0, 320.0, 320.0, 320.0, 320.0, 320.0, 316.0, 320.0, 320.0, 316.0, 320.0, 320.0, 316.0, 320.0, 316.0, 320.0, 316.0, 320.0, 316.0, 320.0, 320.0, 320.0, 320.0, 320.0, 316.0, 320.0, 320.0, 316.0, 320.0, 320.0, 320.0, 316.0, 320.0, 316.0, 320.0, 320.0, 316.0, 320.0, 316.0, 316.0, 320.0, 316.0, 316.0, 316.0, 320.0, 316.0, 320.0, 316.0, 316.0]",0,0,1,Supra_vt2,1
10,185,"[320.0, 316.0, 320.0, 320.0, 320.0, 320.0, 320.0, 316.0, 320.0, 320.0, 316.0, 320.0, 320.0, 316.0, 320.0, 316.0, 320.0, 316.0, 320.0, 316.0, 320.0, 320.0, 320.0, 320.0, 320.0, 316.0, 320.0, 320.0, 316.0, 320.0, 320.0, 320.0, 316.0, 320.0, 316.0, 320.0, 320.0, 316.0, 320.0, 316.0, 316.0, 320.0, 316.0, 316.0, 316.0, 320.0, 316.0, 320.0, 316.0, 316.0, 316.0, 320.0, 316.0, 320.0, 316.0, 316.0, 320.0, 316.0, 316.0, 320.0, 316.0, 316.0, 320.0, 316.0, 316.0, 320.0, 316.0, 316.0, 316.0, 320.0, 312.0, 320.0, 316.0, 316.0, 316.0, 316.0, 316.0, 320.0, 312.0, 316.0, 320.0, 312.0, 320.0, 316.0, 316.0, 316.0, 320.0, 316.0, 316.0, 316.0, 316.0, 316.0, 316.0, 316.0, 320.0, 316.0, 316.0, 320.0, 316.0, 316.0]",0,0,1,Supra_vt2,1
10,200,"[316.0, 316.0, 316.0, 320.0, 316.0, 316.0, 316.0, 316.0, 316.0, 316.0, 316.0, 316.0, 316.0, 316.0, 316.0, 316.0, 316.0, 312.0, 320.0, 312.0, 316.0, 316.0, 316.0, 312.0, 316.0, 316.0, 316.0, 316.0, 316.0, 316.0, 312.0, 320.0, 312.0, 316.0, 316.0, 312.0, 320.0, 316.0, 316.0, 316.0, 316.0, 312.0, 316.0, 312.0, 316.0, 316.0, 312.0, 316.0, 316.0, 316.0, 312.0, 316.0, 316.0, 316.0, 312.0, 316.0, 316.0, 316.0, 312.0, 316.0, 316.0, 316.0, 316.0, 316.0, 316.0, 316.0, 316.0, 316.0, 312.0, 316.0, 316.0, 316.0, 312.0, 316.0, 316.0, 312.0, 316.0, 316.0, 316.0, 316.0, 316.0, 316.0, 312.0, 316.0, 320.0, 316.0, 316.0, 316.0, 316.0, 316.0, 320.0, 316.0, 316.0, 316.0, 320.0, 316.0, 316.0, 316.0, 320.0, 316.0]",0,0,1,Supra_vt2,1
11,50,"[632.0, 704.0, 748.0, 732.0, 680.0, 644.0, 632.0, 664.0, 768.0, 664.0, 654.0, 756.0, 700.0, 672.0, 644.0, 624.0, 624.0, 612.0, 588.0, 584.0, 572.0, 576.0, 588.0, 580.0, 584.0, 592.0, 576.0, 560.0, 548.0, 552.0, 540.0, 540.0, 556.0, 560.0, 552.0, 540.0, 544.0, 552.0, 552.0, 540.0, 544.0, 556.0, 552.0, 552.0, 552.0, 568.0, 548.0, 548.0, 544.0, 544.0, 540.0, 540.0, 548.0, 552.0, 540.0, 536.0, 548.0, 544.0, 548.0, 536.0, 524.0, 512.0, 504.0, 492.0, 504.0, 520.0, 532.0, 568.0, 560.0, 548.0, 564.0, 576.0, 564.0, 564.0, 568.0, 556.0, 548.0, 552.0, 544.0, 536.0, 528.0, 536.0, 532.0, 528.0, 524.0, 536.0, 536.0, 528.0, 528.0, 532.0, 536.0, 536.0, 520.0, 524.0, 524.0, 532.0, 524.0, 524.0, 528.0, 528.0]",1,0,0,Sub_vt1,0
11,50,"[540.0, 540.0, 548.0, 552.0, 540.0, 536.0, 548.0, 544.0, 548.0, 536.0, 524.0, 512.0, 504.0, 492.0, 504.0, 520.0, 532.0, 568.0, 560.0, 548.0, 564.0, 576.0, 564.0, 564.0, 568.0, 556.0, 548.0, 552.0, 544.0, 536.0, 528.0, 536.0, 532.0, 528.0, 524.0, 536.0, 536.0, 528.0, 528.0, 532.0, 536.0, 536.0, 520.0, 524.0, 524.0, 532.0, 524.0, 524.0, 528.0, 528.0, 520.0, 524.0, 520.0, 504.0, 516.0, 508.0, 516.0, 508.0, 500.0, 504.0, 508.0, 500.0, 496.0, 496.0, 500.0, 500.0, 500.0, 500.0, 500.0, 496.0, 496.0, 500.0, 496.0, 500.0, 492.0, 484.0, 488.0, 500.0, 508.0, 504.0, 496.0, 492.0, 484.0, 484.0, 476.0, 476.0, 472.0, 480.0, 476.0, 476.0, 472.0, 476.0, 476.0, 484.0, 480.0, 480.0, 480.0, 480.0, 480.0, 480.0]",1,0,0,Sub_vt1,0
11,50,"[520.0, 524.0, 520.0, 504.0, 516.0, 508.0, 516.0, 508.0, 500.0, 504.0, 508.0, 500.0, 496.0, 496.0, 500.0, 500.0, 500.0, 500.0, 500.0, 496.0, 496.0, 500.0, 496.0, 500.0, 492.0, 484.0, 488.0, 500.0, 508.0, 504.0, 496.0, 492.0, 484.0, 484.0, 476.0, 476.0, 472.0, 480.0, 476.0, 476.0, 472.0, 476.0, 476.0, 484.0, 480.0, 480.0, 480.0, 480.0, 480.0, 480.0, 476.0, 476.0, 476.0, 488.0, 480.0, 476.0, 476.0, 476.0, 476.0, 472.0, 468.0, 480.0, 476.0, 480.0, 476.0, 476.0, 476.0, 472.0, 468.0, 476.0, 480.0, 488.0, 492.0, 492.0, 480.0, 480.0, 484.0, 488.0, 488.0, 484.0, 484.0, 488.0, 488.0, 488.0, 484.0, 484.0, 484.0, 476.0, 480.0, 476.0, 468.0, 472.0, 468.0, 460.0, 460.0, 464.0, 460.0, 460.0, 460.0, 460.0]",1,0,0,Sub_vt1,0
11,50,"[476.0, 476.0, 476.0, 488.0, 480.0, 476.0, 476.0, 476.0, 476.0, 472.0, 468.0, 480.0, 476.0, 480.0, 476.0, 476.0, 476.0, 472.0, 468.0, 476.0, 480.0, 488.0, 492.0, 492.0, 480.0, 480.0, 484.0, 488.0, 488.0, 484.0, 484.0, 488.0, 488.0, 488.0, 484.0, 484.0, 484.0, 476.0, 480.0, 476.0, 468.0, 472.0, 468.0, 460.0, 460.0, 464.0, 460.0, 460.0, 460.0, 460.0, 460.0, 468.0, 468.0, 468.0, 476.0, 476.0, 468.0, 476.0, 472.0, 472.0, 468.0, 472.0, 468.0, 464.0, 460.0, 460.0, 460.0, 460.0, 468.0, 464.0, 476.0, 472.0, 464.0, 464.0, 476.0, 480.0, 484.0, 484.0, 480.0, 480.0, 472.0, 476.0, 484.0, 476.0, 476.0, 476.0, 476.0, 472.0, 472.0, 468.0, 476.0, 468.0, 468.0, 468.0, 468.0, 464.0, 460.0, 456.0, 460.0, 460.0]",1,0,0,Sub_vt1,0
11,50,"[460.0, 468.0, 468.0, 468.0, 476.0, 476.0, 468.0, 476.0, 472.0, 472.0, 468.0, 472.0, 468.0, 464.0, 460.0, 460.0, 460.0, 460.0, 468.0, 464.0, 476.0, 472.0, 464.0, 464.0, 476.0, 480.0, 484.0, 484.0, 480.0, 480.0, 472.0, 476.0, 484.0, 476.0, 476.0, 476.0, 476.0, 472.0, 472.0, 468.0, 476.0, 468.0, 468.0, 468.0, 468.0, 464.0, 460.0, 456.0, 460.0, 460.0, 460.0, 456.0, 456.0, 456.0, 452.0, 456.0, 452.0, 452.0, 456.0, 452.0, 452.0, 456.0, 456.0, 460.0, 456.0, 460.0, 456.0, 460.0, 452.0, 460.0, 460.0, 452.0, 456.0, 460.0, 456.0, 460.0, 456.0, 460.0, 464.0, 456.0, 460.0, 460.0, 456.0, 456.0, 460.0, 456.0, 460.0, 460.0, 452.0, 456.0, 456.0, 460.0, 456.0, 456.0, 460.0, 460.0, 456.0, 460.0, 456.0, 456.0]",1,0,0,Sub_vt1,0
11,50,"[460.0, 456.0, 456.0, 456.0, 452.0, 456.0, 452.0, 452.0, 456.0, 452.0, 452.0, 456.0, 456.0, 460.0, 456.0, 460.0, 456.0, 460.0, 452.0, 460.0, 460.0, 452.0, 456.0, 460.0, 456.0, 460.0, 456.0, 460.0, 464.0, 456.0, 460.0, 460.0, 456.0, 456.0, 460.0, 456.0, 460.0, 460.0, 452.0, 456.0, 456.0, 460.0, 456.0, 456.0, 460.0, 460.0, 456.0, 460.0, 456.0, 456.0, 456.0, 456.0, 456.0, 456.0, 456.0, 448.0, 448.0, 452.0, 448.0, 448.0, 440.0, 444.0, 436.0, 444.0, 440.0, 444.0, 448.0, 452.0, 452.0, 452.0, 456.0, 464.0, 472.0, 476.0, 472.0, 472.0, 468.0, 468.0, 464.0, 464.0, 456.0, 460.0, 448.0, 452.0, 452.0, 448.0, 440.0, 444.0, 444.0, 444.0, 444.0, 444.0, 444.0, 448.0, 444.0, 452.0, 444.0, 448.0, 448.0, 448.0]",1,0,0,Sub_vt1,0
11,65,"[448.0, 448.0, 444.0, 444.0, 444.0, 452.0, 452.0, 460.0, 464.0, 468.0, 456.0, 460.0, 464.0, 460.0, 460.0, 456.0, 452.0, 456.0, 456.0, 452.0, 448.0, 448.0, 448.0, 444.0, 444.0, 440.0, 448.0, 436.0, 440.0, 440.0, 440.0, 440.0, 440.0, 444.0, 444.0, 440.0, 444.0, 448.0, 448.0, 448.0, 448.0, 452.0, 444.0, 452.0, 460.0, 456.0, 456.0, 456.0, 452.0, 448.0, 444.0, 444.0, 444.0, 436.0, 440.0, 436.0, 436.0, 436.0, 432.0, 436.0, 440.0, 440.0, 440.0, 448.0, 448.0, 452.0, 456.0, 456.0, 460.0, 456.0, 456.0, 456.0, 452.0, 452.0, 448.0, 452.0, 444.0, 448.0, 444.0, 448.0, 444.0, 444.0, 444.0, 444.0, 444.0, 448.0, 444.0, 440.0, 444.0, 448.0, 440.0, 440.0, 440.0, 440.0, 444.0, 444.0, 448.0, 460.0, 456.0, 460.0]",1,0,0,Sub_vt1,0
11,80,"[456.0, 452.0, 452.0, 448.0, 452.0, 448.0, 444.0, 448.0, 448.0, 452.0, 448.0, 448.0, 448.0, 444.0, 444.0, 448.0, 448.0, 444.0, 444.0, 440.0, 444.0, 440.0, 440.0, 440.0, 436.0, 436.0, 436.0, 432.0, 432.0, 432.0, 432.0, 432.0, 432.0, 432.0, 436.0, 432.0, 436.0, 444.0, 444.0, 444.0, 444.0, 444.0, 444.0, 440.0, 444.0, 440.0, 436.0, 440.0, 440.0, 440.0, 444.0, 444.0, 440.0, 444.0, 444.0, 444.0, 444.0, 448.0, 444.0, 444.0, 436.0, 436.0, 436.0, 428.0, 428.0, 428.0, 432.0, 424.0, 428.0, 428.0, 424.0, 428.0, 432.0, 432.0, 436.0, 444.0, 444.0, 448.0, 452.0, 448.0, 452.0, 448.0, 452.0, 448.0, 444.0, 444.0, 444.0, 444.0, 440.0, 444.0, 440.0, 444.0, 440.0, 440.0, 444.0, 448.0, 444.0, 444.0, 452.0, 452.0]",1,0,0,Sub_vt1,0
11,95,"[468.0, 472.0, 468.0, 476.0, 468.0, 472.0, 464.0, 468.0, 464.0, 460.0, 460.0, 456.0, 452.0, 448.0, 444.0, 448.0, 448.0, 448.0, 444.0, 448.0, 452.0, 456.0, 456.0, 456.0, 456.0, 460.0, 460.0, 464.0, 464.0, 464.0, 464.0, 456.0, 452.0, 452.0, 452.0, 448.0, 444.0, 452.0, 448.0, 456.0, 460.0, 468.0, 476.0, 476.0, 476.0, 480.0, 484.0, 480.0, 476.0, 476.0, 480.0, 480.0, 472.0, 476.0, 472.0, 468.0, 460.0, 460.0, 460.0, 460.0, 456.0, 452.0, 460.0, 456.0, 456.0, 456.0, 460.0, 456.0, 460.0, 460.0, 456.0, 456.0, 456.0, 456.0, 448.0, 452.0, 456.0, 452.0, 456.0, 460.0, 456.0, 460.0, 460.0, 464.0, 464.0, 468.0, 468.0, 468.0, 472.0, 464.0, 468.0, 464.0, 468.0, 468.0, 472.0, 468.0, 468.0, 464.0, 464.0, 456.0]",1,0,0,Sub_vt1,0
11,110,"[448.0, 448.0, 444.0, 440.0, 436.0, 444.0, 436.0, 436.0, 444.0, 444.0, 440.0, 448.0, 452.0, 452.0, 452.0, 456.0, 460.0, 460.0, 464.0, 456.0, 460.0, 456.0, 452.0, 452.0, 448.0, 448.0, 448.0, 448.0, 448.0, 444.0, 444.0, 444.0, 440.0, 440.0, 440.0, 436.0, 440.0, 436.0, 436.0, 432.0, 432.0, 436.0, 436.0, 436.0, 444.0, 444.0, 444.0, 456.0, 456.0, 456.0, 456.0, 448.0, 452.0, 448.0, 448.0, 444.0, 444.0, 440.0, 440.0, 440.0, 440.0, 440.0, 440.0, 440.0, 444.0, 436.0, 444.0, 440.0, 444.0, 440.0, 440.0, 440.0, 436.0, 440.0, 436.0, 436.0, 436.0, 440.0, 436.0, 436.0, 440.0, 440.0, 440.0, 436.0, 440.0, 432.0, 432.0, 436.0, 432.0, 432.0, 428.0, 432.0, 428.0, 428.0, 428.0, 432.0, 432.0, 432.0, 436.0, 432.0]",1,0,0,Sub_vt1,0
11,125,"[436.0, 436.0, 432.0, 440.0, 436.0, 440.0, 436.0, 440.0, 436.0, 436.0, 436.0, 444.0, 444.0, 444.0, 440.0, 440.0, 440.0, 436.0, 436.0, 432.0, 436.0, 428.0, 432.0, 432.0, 428.0, 432.0, 432.0, 436.0, 436.0, 436.0, 436.0, 436.0, 436.0, 432.0, 436.0, 436.0, 428.0, 428.0, 432.0, 424.0, 428.0, 424.0, 428.0, 424.0, 424.0, 428.0, 428.0, 428.0, 424.0, 428.0, 428.0, 428.0, 424.0, 420.0, 428.0, 420.0, 420.0, 416.0, 424.0, 420.0, 420.0, 420.0, 424.0, 420.0, 424.0, 420.0, 424.0, 424.0, 420.0, 424.0, 424.0, 420.0, 424.0, 416.0, 412.0, 412.0, 416.0, 420.0, 412.0, 416.0, 416.0, 424.0, 420.0, 420.0, 420.0, 424.0, 424.0, 424.0, 428.0, 424.0, 424.0, 420.0, 420.0, 424.0, 424.0, 416.0, 424.0, 424.0, 424.0, 420.0]",1,0,0,Sub_vt1,0
11,140,"[432.0, 428.0, 424.0, 428.0, 424.0, 428.0, 420.0, 424.0, 424.0, 420.0, 416.0, 420.0, 420.0, 416.0, 420.0, 420.0, 424.0, 420.0, 424.0, 424.0, 428.0, 424.0, 428.0, 428.0, 428.0, 428.0, 432.0, 428.0, 428.0, 428.0, 428.0, 428.0, 424.0, 428.0, 436.0, 432.0, 436.0, 440.0, 432.0, 440.0, 440.0, 432.0, 436.0, 440.0, 436.0, 436.0, 440.0, 440.0, 440.0, 436.0, 440.0, 436.0, 436.0, 436.0, 436.0, 428.0, 432.0, 428.0, 432.0, 428.0, 424.0, 428.0, 428.0, 424.0, 428.0, 424.0, 432.0, 428.0, 432.0, 436.0, 436.0, 440.0, 440.0, 440.0, 444.0, 440.0, 440.0, 436.0, 444.0, 432.0, 436.0, 432.0, 432.0, 428.0, 432.0, 432.0, 428.0, 432.0, 428.0, 432.0, 432.0, 424.0, 428.0, 428.0, 428.0, 432.0, 432.0, 436.0, 436.0, 436.0]",1,0,0,Sub_vt1,0
11,155,"[432.0, 428.0, 428.0, 428.0, 428.0, 436.0, 448.0, 448.0, 448.0, 444.0, 452.0, 448.0, 444.0, 444.0, 444.0, 436.0, 436.0, 436.0, 436.0, 436.0, 436.0, 436.0, 432.0, 432.0, 428.0, 428.0, 432.0, 428.0, 428.0, 432.0, 428.0, 432.0, 428.0, 432.0, 428.0, 428.0, 428.0, 424.0, 428.0, 428.0, 424.0, 424.0, 428.0, 428.0, 424.0, 424.0, 424.0, 424.0, 428.0, 428.0, 428.0, 432.0, 428.0, 432.0, 428.0, 432.0, 432.0, 432.0, 432.0, 428.0, 432.0, 428.0, 432.0, 432.0, 428.0, 424.0, 432.0, 424.0, 424.0, 424.0, 424.0, 424.0, 424.0, 420.0, 420.0, 420.0, 424.0, 428.0, 424.0, 428.0, 424.0, 428.0, 428.0, 424.0, 424.0, 432.0, 428.0, 432.0, 428.0, 432.0, 432.0, 432.0, 428.0, 432.0, 428.0, 428.0, 424.0, 428.0, 428.0, 424.0]",1,0,0,Sub_vt1,0
11,200,"[408.0, 404.0, 408.0, 400.0, 408.0, 396.0, 408.0, 404.0, 404.0, 400.0, 408.0, 404.0, 400.0, 400.0, 400.0, 408.0, 404.0, 408.0, 408.0, 404.0, 408.0, 404.0, 404.0, 404.0, 404.0, 400.0, 400.0, 404.0, 396.0, 396.0, 400.0, 400.0, 396.0, 396.0, 400.0, 400.0, 396.0, 396.0, 400.0, 396.0, 400.0, 396.0, 400.0, 404.0, 400.0, 404.0, 400.0, 396.0, 404.0, 396.0, 400.0, 392.0, 396.0, 396.0, 392.0, 392.0, 396.0, 396.0, 396.0, 392.0, 392.0, 400.0, 396.0, 396.0, 396.0, 396.0, 396.0, 400.0, 400.0, 396.0, 392.0, 396.0, 396.0, 396.0, 392.0, 392.0, 396.0, 392.0, 388.0, 392.0, 396.0, 388.0, 392.0, 388.0, 392.0, 388.0, 388.0, 388.0, 392.0, 392.0, 392.0, 392.0, 388.0, 392.0, 392.0, 388.0, 392.0, 392.0, 388.0, 388.0]",0,1,0,Mid_vt,1
11,200,"[400.0, 392.0, 396.0, 396.0, 392.0, 392.0, 396.0, 396.0, 396.0, 392.0, 392.0, 400.0, 396.0, 396.0, 396.0, 396.0, 396.0, 400.0, 400.0, 396.0, 392.0, 396.0, 396.0, 396.0, 392.0, 392.0, 396.0, 392.0, 388.0, 392.0, 396.0, 388.0, 392.0, 388.0, 392.0, 388.0, 388.0, 388.0, 392.0, 392.0, 392.0, 392.0, 388.0, 392.0, 392.0, 388.0, 392.0, 392.0, 388.0, 388.0, 388.0, 384.0, 388.0, 384.0, 392.0, 392.0, 388.0, 388.0, 388.0, 392.0, 388.0, 388.0, 392.0, 392.0, 388.0, 396.0, 400.0, 392.0, 400.0, 396.0, 396.0, 400.0, 400.0, 400.0, 400.0, 400.0, 400.0, 404.0, 408.0, 404.0, 404.0, 408.0, 408.0, 408.0, 404.0, 408.0, 404.0, 404.0, 396.0, 404.0, 400.0, 404.0, 400.0, 396.0, 404.0, 400.0, 404.0, 400.0, 396.0, 400.0]",0,1,0,Mid_vt,1
11,215,"[400.0, 396.0, 400.0, 396.0, 392.0, 392.0, 396.0, 392.0, 392.0, 392.0, 396.0, 392.0, 388.0, 396.0, 392.0, 388.0, 388.0, 392.0, 392.0, 388.0, 384.0, 388.0, 396.0, 392.0, 392.0, 388.0, 388.0, 396.0, 392.0, 388.0, 388.0, 388.0, 392.0, 384.0, 388.0, 388.0, 388.0, 388.0, 388.0, 384.0, 384.0, 388.0, 384.0, 388.0, 384.0, 384.0, 392.0, 388.0, 392.0, 388.0, 388.0, 388.0, 392.0, 392.0, 392.0, 392.0, 392.0, 388.0, 392.0, 388.0, 388.0, 392.0, 388.0, 388.0, 384.0, 392.0, 388.0, 384.0, 384.0, 388.0, 384.0, 384.0, 384.0, 388.0, 384.0, 384.0, 388.0, 388.0, 388.0, 388.0, 388.0, 392.0, 384.0, 388.0, 388.0, 392.0, 392.0, 392.0, 388.0, 384.0, 392.0, 388.0, 388.0, 388.0, 388.0, 384.0, 388.0, 388.0, 384.0, 384.0]",0,1,0,Mid_vt,1
11,215,"[388.0, 388.0, 392.0, 392.0, 392.0, 392.0, 392.0, 388.0, 392.0, 388.0, 388.0, 392.0, 388.0, 388.0, 384.0, 392.0, 388.0, 384.0, 384.0, 388.0, 384.0, 384.0, 384.0, 388.0, 384.0, 384.0, 388.0, 388.0, 388.0, 388.0, 388.0, 392.0, 384.0, 388.0, 388.0, 392.0, 392.0, 392.0, 388.0, 384.0, 392.0, 388.0, 388.0, 388.0, 388.0, 384.0, 388.0, 388.0, 384.0, 384.0, 384.0, 388.0, 384.0, 384.0, 384.0, 384.0, 384.0, 380.0, 384.0, 380.0, 380.0, 384.0, 384.0, 380.0, 380.0, 384.0, 384.0, 384.0, 380.0, 380.0, 380.0, 376.0, 380.0, 384.0, 380.0, 380.0, 380.0, 380.0, 384.0, 376.0, 380.0, 384.0, 380.0, 380.0, 384.0, 380.0, 380.0, 380.0, 384.0, 384.0, 376.0, 384.0, 380.0, 380.0, 380.0, 380.0, 376.0, 376.0, 380.0, 380.0]",0,1,0,Mid_vt,1
11,305,"[340.0, 344.0, 336.0, 340.0, 344.0, 344.0, 340.0, 340.0, 340.0, 340.0, 344.0, 340.0, 336.0, 344.0, 344.0, 336.0, 340.0, 344.0, 340.0, 340.0, 336.0, 344.0, 344.0, 336.0, 340.0, 344.0, 340.0, 336.0, 336.0, 344.0, 340.0, 344.0, 336.0, 340.0, 340.0, 340.0, 340.0, 340.0, 340.0, 340.0, 336.0, 340.0, 340.0, 340.0, 336.0, 344.0, 340.0, 340.0, 340.0, 340.0, 340.0, 344.0, 336.0, 336.0, 340.0, 340.0, 336.0, 336.0, 340.0, 340.0, 340.0, 340.0, 332.0, 340.0, 340.0, 336.0, 336.0, 340.0, 340.0, 336.0, 336.0, 336.0, 344.0, 336.0, 340.0, 336.0, 340.0, 340.0, 336.0, 336.0, 344.0, 340.0, 340.0, 336.0, 340.0, 344.0, 336.0, 336.0, 344.0, 340.0, 340.0, 332.0, 340.0, 340.0, 340.0, 336.0, 332.0, 340.0, 336.0, 336.0]",0,0,1,Supra_vt2,1
11,320,"[336.0, 328.0, 336.0, 336.0, 332.0, 332.0, 336.0, 332.0, 336.0, 328.0, 336.0, 336.0, 332.0, 332.0, 336.0, 336.0, 328.0, 336.0, 336.0, 328.0, 332.0, 336.0, 332.0, 332.0, 328.0, 336.0, 336.0, 332.0, 328.0, 336.0, 336.0, 336.0, 328.0, 336.0, 336.0, 336.0, 332.0, 336.0, 332.0, 336.0, 332.0, 332.0, 336.0, 336.0, 328.0, 332.0, 336.0, 336.0, 328.0, 332.0, 336.0, 332.0, 328.0, 332.0, 332.0, 336.0, 328.0, 328.0, 336.0, 332.0, 332.0, 332.0, 336.0, 332.0, 332.0, 328.0, 332.0, 332.0, 336.0, 328.0, 336.0, 332.0, 332.0, 336.0, 332.0, 328.0, 336.0, 332.0, 332.0, 336.0, 332.0, 328.0, 336.0, 332.0, 332.0, 336.0, 332.0, 332.0, 332.0, 332.0, 332.0, 332.0, 332.0, 328.0, 328.0, 332.0, 328.0, 328.0, 332.0, 324.0]",0,0,1,Supra_vt2,1
11,320,"[336.0, 332.0, 328.0, 332.0, 332.0, 336.0, 328.0, 328.0, 336.0, 332.0, 332.0, 332.0, 336.0, 332.0, 332.0, 328.0, 332.0, 332.0, 336.0, 328.0, 336.0, 332.0, 332.0, 336.0, 332.0, 328.0, 336.0, 332.0, 332.0, 336.0, 332.0, 328.0, 336.0, 332.0, 332.0, 336.0, 332.0, 332.0, 332.0, 332.0, 332.0, 332.0, 332.0, 328.0, 328.0, 332.0, 328.0, 328.0, 332.0, 324.0, 332.0, 332.0, 328.0, 324.0, 336.0, 328.0, 324.0, 332.0, 328.0, 324.0, 332.0, 332.0, 320.0, 332.0, 328.0, 320.0, 328.0, 332.0, 324.0, 324.0, 328.0, 328.0, 324.0, 328.0, 328.0, 328.0, 324.0, 324.0, 332.0, 324.0, 328.0, 324.0, 328.0, 328.0, 324.0, 324.0, 332.0, 328.0, 324.0, 324.0, 332.0, 328.0, 320.0, 328.0, 332.0, 324.0, 328.0, 328.0, 328.0, 324.0]",0,0,1,Supra_vt2,1
12,50,"[668.0, 784.0, 784.0, 760.0, 720.0, 672.0, 616.0, 604.0, 604.0, 624.0, 664.0, 712.0, 712.0, 626.0, 692.0, 652.0, 628.0, 632.0, 596.0, 580.0, 572.0, 564.0, 568.0, 580.0, 580.0, 564.0, 560.0, 564.0, 544.0, 540.0, 536.0, 524.0, 516.0, 516.0, 516.0, 508.0, 512.0, 524.0, 508.0, 516.0, 500.0, 492.0, 492.0, 488.0, 488.0, 492.0, 492.0, 504.0, 536.0, 556.0, 560.0, 572.0, 576.0, 568.0, 588.0, 612.0, 588.0, 588.0, 596.0, 572.0, 560.0, 576.0, 556.0, 556.0, 552.0, 544.0, 532.0, 536.0, 544.0, 552.0, 556.0, 560.0, 572.0, 608.0, 596.0, 592.0, 572.0, 560.0, 536.0, 540.0, 524.0, 520.0, 556.0, 576.0, 620.0, 664.0, 660.0, 664.0, 668.0, 652.0, 652.0, 644.0, 616.0, 588.0, 588.0, 600.0, 592.0, 596.0, 584.0, 576.0]",1,0,0,Sub_vt1,0
12,50,"[560.0, 572.0, 576.0, 568.0, 588.0, 612.0, 588.0, 588.0, 596.0, 572.0, 560.0, 576.0, 556.0, 556.0, 552.0, 544.0, 532.0, 536.0, 544.0, 552.0, 556.0, 560.0, 572.0, 608.0, 596.0, 592.0, 572.0, 560.0, 536.0, 540.0, 524.0, 520.0, 556.0, 576.0, 620.0, 664.0, 660.0, 664.0, 668.0, 652.0, 652.0, 644.0, 616.0, 588.0, 588.0, 600.0, 592.0, 596.0, 584.0, 576.0, 568.0, 544.0, 544.0, 568.0, 580.0, 580.0, 600.0, 592.0, 588.0, 576.0, 580.0, 588.0, 584.0, 588.0, 588.0, 588.0, 584.0, 620.0, 632.0, 640.0, 668.0, 644.0, 640.0, 632.0, 628.0, 604.0, 600.0, 596.0, 600.0, 568.0, 584.0, 572.0, 576.0, 568.0, 588.0, 596.0, 612.0, 632.0, 636.0, 628.0, 612.0, 604.0, 596.0, 588.0, 568.0, 580.0, 560.0, 564.0, 564.0, 552.0]",1,0,0,Sub_vt1,0
12,50,"[568.0, 544.0, 544.0, 568.0, 580.0, 580.0, 600.0, 592.0, 588.0, 576.0, 580.0, 588.0, 584.0, 588.0, 588.0, 588.0, 584.0, 620.0, 632.0, 640.0, 668.0, 644.0, 640.0, 632.0, 628.0, 604.0, 600.0, 596.0, 600.0, 568.0, 584.0, 572.0, 576.0, 568.0, 588.0, 596.0, 612.0, 632.0, 636.0, 628.0, 612.0, 604.0, 596.0, 588.0, 568.0, 580.0, 560.0, 564.0, 564.0, 552.0, 552.0, 552.0, 544.0, 532.0, 536.0, 540.0, 540.0, 548.0, 556.0, 544.0, 544.0, 540.0, 548.0, 544.0, 548.0, 544.0, 552.0, 548.0, 540.0, 544.0, 532.0, 536.0, 532.0, 528.0, 528.0, 536.0, 540.0, 556.0, 548.0, 564.0, 560.0, 572.0, 564.0, 576.0, 576.0, 556.0, 564.0, 564.0, 548.0, 548.0, 540.0, 532.0, 524.0, 528.0, 524.0, 516.0, 536.0, 544.0, 564.0, 564.0]",1,0,0,Sub_vt1,0
12,50,"[552.0, 552.0, 544.0, 532.0, 536.0, 540.0, 540.0, 548.0, 556.0, 544.0, 544.0, 540.0, 548.0, 544.0, 548.0, 544.0, 552.0, 548.0, 540.0, 544.0, 532.0, 536.0, 532.0, 528.0, 528.0, 536.0, 540.0, 556.0, 548.0, 564.0, 560.0, 572.0, 564.0, 576.0, 576.0, 556.0, 564.0, 564.0, 548.0, 548.0, 540.0, 532.0, 524.0, 528.0, 524.0, 516.0, 536.0, 544.0, 564.0, 564.0, 560.0, 568.0, 576.0, 576.0, 600.0, 584.0, 560.0, 552.0, 564.0, 544.0, 556.0, 544.0, 552.0, 548.0, 548.0, 548.0, 548.0, 544.0, 544.0, 540.0, 540.0, 540.0, 536.0, 540.0, 540.0, 536.0, 528.0, 532.0, 544.0, 548.0, 548.0, 556.0, 556.0, 548.0, 536.0, 524.0, 516.0, 508.0, 500.0, 500.0, 496.0, 496.0, 488.0, 492.0, 496.0, 488.0, 496.0, 504.0, 504.0, 520.0]",1,0,0,Sub_vt1,0
12,50,"[560.0, 568.0, 576.0, 576.0, 600.0, 584.0, 560.0, 552.0, 564.0, 544.0, 556.0, 544.0, 552.0, 548.0, 548.0, 548.0, 548.0, 544.0, 544.0, 540.0, 540.0, 540.0, 536.0, 540.0, 540.0, 536.0, 528.0, 532.0, 544.0, 548.0, 548.0, 556.0, 556.0, 548.0, 536.0, 524.0, 516.0, 508.0, 500.0, 500.0, 496.0, 496.0, 488.0, 492.0, 496.0, 488.0, 496.0, 504.0, 504.0, 520.0, 524.0, 536.0, 556.0, 568.0, 548.0, 556.0, 540.0, 532.0, 528.0, 520.0, 512.0, 512.0, 508.0, 500.0, 496.0, 496.0, 500.0, 504.0, 512.0, 528.0, 536.0, 536.0, 556.0, 556.0, 544.0, 544.0, 536.0, 532.0, 524.0, 520.0, 520.0, 516.0, 508.0, 504.0, 496.0, 488.0, 484.0, 496.0, 500.0, 500.0, 508.0, 512.0, 512.0, 508.0, 504.0, 500.0, 508.0, 504.0, 500.0, 496.0]",1,0,0,Sub_vt1,0
12,65,"[516.0, 520.0, 524.0, 512.0, 512.0, 504.0, 504.0, 500.0, 496.0, 496.0, 496.0, 500.0, 492.0, 528.0, 532.0, 532.0, 540.0, 532.0, 516.0, 520.0, 524.0, 520.0, 512.0, 512.0, 504.0, 504.0, 500.0, 508.0, 508.0, 496.0, 504.0, 504.0, 500.0, 500.0, 492.0, 492.0, 488.0, 496.0, 508.0, 508.0, 520.0, 528.0, 516.0, 516.0, 516.0, 520.0, 528.0, 520.0, 516.0, 524.0, 532.0, 532.0, 524.0, 520.0, 516.0, 524.0, 516.0, 508.0, 508.0, 508.0, 508.0, 508.0, 516.0, 540.0, 536.0, 540.0, 552.0, 560.0, 544.0, 548.0, 548.0, 544.0, 544.0, 532.0, 520.0, 516.0, 508.0, 504.0, 508.0, 520.0, 528.0, 528.0, 544.0, 556.0, 556.0, 568.0, 556.0, 560.0, 552.0, 544.0, 540.0, 536.0, 536.0, 540.0, 528.0, 516.0, 524.0, 520.0, 516.0, 520.0]",1,0,0,Sub_vt1,0
12,80,"[536.0, 540.0, 524.0, 520.0, 508.0, 508.0, 516.0, 516.0, 508.0, 508.0, 512.0, 516.0, 516.0, 540.0, 556.0, 572.0, 588.0, 572.0, 572.0, 564.0, 540.0, 532.0, 532.0, 520.0, 516.0, 512.0, 512.0, 508.0, 516.0, 508.0, 508.0, 508.0, 512.0, 528.0, 536.0, 528.0, 520.0, 528.0, 520.0, 516.0, 516.0, 508.0, 512.0, 516.0, 512.0, 516.0, 504.0, 508.0, 508.0, 508.0, 492.0, 508.0, 512.0, 520.0, 520.0, 520.0, 524.0, 524.0, 512.0, 524.0, 520.0, 508.0, 512.0, 508.0, 504.0, 504.0, 500.0, 508.0, 508.0, 524.0, 512.0, 524.0, 528.0, 532.0, 528.0, 540.0, 532.0, 520.0, 516.0, 512.0, 504.0, 500.0, 500.0, 504.0, 496.0, 504.0, 500.0, 500.0, 508.0, 508.0, 512.0, 532.0, 532.0, 532.0, 552.0, 556.0, 536.0, 544.0, 536.0, 524.0]",1,0,0,Sub_vt1,0
12,95,"[484.0, 496.0, 500.0, 496.0, 512.0, 512.0, 508.0, 508.0, 496.0, 492.0, 496.0, 500.0, 492.0, 504.0, 504.0, 500.0, 500.0, 504.0, 496.0, 496.0, 492.0, 484.0, 500.0, 500.0, 508.0, 528.0, 536.0, 536.0, 560.0, 544.0, 548.0, 540.0, 556.0, 532.0, 532.0, 520.0, 516.0, 504.0, 512.0, 504.0, 512.0, 508.0, 504.0, 508.0, 504.0, 508.0, 504.0, 504.0, 512.0, 520.0, 508.0, 516.0, 528.0, 520.0, 524.0, 536.0, 516.0, 536.0, 536.0, 536.0, 528.0, 532.0, 520.0, 516.0, 512.0, 504.0, 500.0, 500.0, 496.0, 500.0, 500.0, 504.0, 504.0, 512.0, 508.0, 516.0, 540.0, 520.0, 512.0, 508.0, 504.0, 492.0, 496.0, 492.0, 496.0, 484.0, 488.0, 488.0, 492.0, 488.0, 500.0, 496.0, 500.0, 496.0, 492.0, 492.0, 492.0, 488.0, 484.0, 488.0]",1,0,0,Sub_vt1,0
12,110,"[472.0, 464.0, 472.0, 468.0, 464.0, 468.0, 468.0, 464.0, 460.0, 464.0, 460.0, 460.0, 460.0, 460.0, 472.0, 468.0, 472.0, 476.0, 484.0, 476.0, 484.0, 492.0, 476.0, 492.0, 500.0, 480.0, 488.0, 484.0, 476.0, 472.0, 476.0, 464.0, 464.0, 464.0, 464.0, 460.0, 464.0, 468.0, 472.0, 468.0, 484.0, 492.0, 480.0, 488.0, 488.0, 492.0, 484.0, 488.0, 484.0, 472.0, 484.0, 476.0, 476.0, 472.0, 472.0, 468.0, 468.0, 464.0, 460.0, 468.0, 460.0, 464.0, 468.0, 464.0, 480.0, 480.0, 480.0, 484.0, 488.0, 488.0, 484.0, 492.0, 488.0, 488.0, 488.0, 496.0, 484.0, 480.0, 480.0, 480.0, 468.0, 468.0, 472.0, 472.0, 468.0, 472.0, 468.0, 480.0, 476.0, 488.0, 484.0, 492.0, 504.0, 512.0, 520.0, 520.0, 528.0, 528.0, 516.0, 516.0]",1,0,0,Sub_vt1,0
12,125,"[500.0, 496.0, 500.0, 496.0, 484.0, 484.0, 480.0, 476.0, 480.0, 480.0, 476.0, 472.0, 472.0, 464.0, 476.0, 472.0, 472.0, 468.0, 464.0, 468.0, 468.0, 472.0, 472.0, 468.0, 476.0, 484.0, 484.0, 488.0, 476.0, 488.0, 480.0, 480.0, 472.0, 476.0, 468.0, 464.0, 464.0, 472.0, 464.0, 472.0, 480.0, 480.0, 480.0, 492.0, 488.0, 488.0, 492.0, 492.0, 488.0, 488.0, 488.0, 476.0, 476.0, 480.0, 472.0, 472.0, 468.0, 464.0, 464.0, 460.0, 464.0, 468.0, 476.0, 480.0, 480.0, 492.0, 484.0, 480.0, 480.0, 476.0, 468.0, 472.0, 468.0, 472.0, 464.0, 464.0, 468.0, 464.0, 468.0, 464.0, 468.0, 476.0, 472.0, 480.0, 468.0, 468.0, 468.0, 460.0, 468.0, 460.0, 464.0, 460.0, 452.0, 444.0, 456.0, 452.0, 452.0, 452.0, 456.0, 456.0]",1,0,0,Sub_vt1,0
12,140,"[440.0, 440.0, 448.0, 436.0, 444.0, 444.0, 448.0, 448.0, 460.0, 460.0, 460.0, 468.0, 464.0, 472.0, 472.0, 464.0, 472.0, 464.0, 460.0, 460.0, 448.0, 456.0, 436.0, 448.0, 444.0, 444.0, 440.0, 444.0, 448.0, 452.0, 448.0, 460.0, 448.0, 460.0, 464.0, 456.0, 468.0, 456.0, 468.0, 456.0, 452.0, 456.0, 452.0, 448.0, 448.0, 448.0, 444.0, 440.0, 440.0, 440.0, 440.0, 444.0, 444.0, 440.0, 448.0, 440.0, 444.0, 444.0, 440.0, 444.0, 444.0, 448.0, 444.0, 440.0, 444.0, 444.0, 436.0, 440.0, 440.0, 440.0, 436.0, 436.0, 444.0, 436.0, 440.0, 440.0, 436.0, 440.0, 440.0, 436.0, 440.0, 444.0, 440.0, 444.0, 452.0, 448.0, 448.0, 448.0, 452.0, 456.0, 448.0, 460.0, 448.0, 448.0, 440.0, 444.0, 440.0, 440.0, 440.0, 440.0]",1,0,0,Sub_vt1,0
12,155,"[436.0, 432.0, 440.0, 432.0, 432.0, 432.0, 428.0, 428.0, 436.0, 432.0, 428.0, 436.0, 432.0, 436.0, 432.0, 428.0, 436.0, 428.0, 428.0, 428.0, 436.0, 432.0, 432.0, 432.0, 432.0, 436.0, 436.0, 436.0, 436.0, 440.0, 436.0, 436.0, 428.0, 436.0, 428.0, 424.0, 432.0, 424.0, 424.0, 424.0, 432.0, 424.0, 424.0, 428.0, 432.0, 424.0, 440.0, 428.0, 432.0, 436.0, 432.0, 432.0, 432.0, 428.0, 428.0, 424.0, 428.0, 428.0, 424.0, 412.0, 424.0, 424.0, 416.0, 420.0, 420.0, 424.0, 428.0, 432.0, 424.0, 432.0, 432.0, 432.0, 440.0, 428.0, 428.0, 428.0, 428.0, 424.0, 424.0, 424.0, 428.0, 424.0, 424.0, 428.0, 420.0, 428.0, 428.0, 416.0, 428.0, 420.0, 424.0, 428.0, 424.0, 424.0, 428.0, 428.0, 424.0, 432.0, 432.0, 428.0]",1,0,0,Sub_vt1,0
12,185,"[396.0, 400.0, 408.0, 400.0, 404.0, 404.0, 404.0, 396.0, 408.0, 404.0, 404.0, 404.0, 404.0, 408.0, 400.0, 404.0, 404.0, 408.0, 404.0, 400.0, 404.0, 408.0, 400.0, 400.0, 404.0, 404.0, 396.0, 400.0, 400.0, 404.0, 400.0, 400.0, 404.0, 408.0, 404.0, 404.0, 408.0, 412.0, 416.0, 408.0, 416.0, 408.0, 408.0, 412.0, 408.0, 412.0, 416.0, 412.0, 408.0, 404.0, 408.0, 408.0, 408.0, 400.0, 404.0, 400.0, 408.0, 404.0, 408.0, 408.0, 400.0, 408.0, 416.0, 408.0, 408.0, 408.0, 412.0, 412.0, 412.0, 408.0, 408.0, 408.0, 416.0, 404.0, 412.0, 408.0, 404.0, 404.0, 408.0, 408.0, 400.0, 404.0, 408.0, 408.0, 400.0, 408.0, 408.0, 412.0, 404.0, 404.0, 412.0, 404.0, 404.0, 404.0, 408.0, 408.0, 404.0, 408.0, 396.0, 400.0]",0,1,0,Mid_vt,1
12,200,"[400.0, 408.0, 408.0, 400.0, 404.0, 408.0, 404.0, 400.0, 404.0, 404.0, 408.0, 396.0, 400.0, 404.0, 396.0, 400.0, 396.0, 404.0, 400.0, 396.0, 404.0, 392.0, 392.0, 396.0, 392.0, 396.0, 400.0, 392.0, 392.0, 396.0, 396.0, 396.0, 392.0, 388.0, 396.0, 396.0, 392.0, 400.0, 396.0, 388.0, 400.0, 392.0, 400.0, 392.0, 396.0, 396.0, 396.0, 388.0, 400.0, 392.0, 388.0, 392.0, 396.0, 392.0, 392.0, 396.0, 396.0, 384.0, 392.0, 392.0, 388.0, 384.0, 392.0, 388.0, 388.0, 392.0, 392.0, 392.0, 384.0, 388.0, 388.0, 392.0, 384.0, 388.0, 384.0, 388.0, 388.0, 388.0, 388.0, 388.0, 388.0, 384.0, 392.0, 392.0, 384.0, 392.0, 392.0, 392.0, 392.0, 388.0, 392.0, 396.0, 392.0, 388.0, 392.0, 392.0, 388.0, 388.0, 392.0, 388.0]",0,1,0,Mid_vt,1
12,200,"[388.0, 392.0, 396.0, 392.0, 392.0, 396.0, 396.0, 384.0, 392.0, 392.0, 388.0, 384.0, 392.0, 388.0, 388.0, 392.0, 392.0, 392.0, 384.0, 388.0, 388.0, 392.0, 384.0, 388.0, 384.0, 388.0, 388.0, 388.0, 388.0, 388.0, 388.0, 384.0, 392.0, 392.0, 384.0, 392.0, 392.0, 392.0, 392.0, 388.0, 392.0, 396.0, 392.0, 388.0, 392.0, 392.0, 388.0, 388.0, 392.0, 388.0, 392.0, 388.0, 392.0, 388.0, 384.0, 384.0, 388.0, 388.0, 380.0, 380.0, 388.0, 384.0, 380.0, 380.0, 380.0, 384.0, 388.0, 380.0, 380.0, 384.0, 384.0, 384.0, 388.0, 380.0, 356.0, 416.0, 380.0, 380.0, 388.0, 384.0, 388.0, 380.0, 384.0, 360.0, 416.0, 384.0, 384.0, 388.0, 388.0, 380.0, 384.0, 384.0, 388.0, 380.0, 388.0, 388.0, 384.0, 380.0, 384.0, 388.0]",0,1,0,Mid_vt,1
12,215,"[376.0, 388.0, 384.0, 384.0, 380.0, 388.0, 384.0, 380.0, 380.0, 384.0, 380.0, 380.0, 380.0, 384.0, 376.0, 376.0, 380.0, 380.0, 380.0, 372.0, 380.0, 380.0, 372.0, 372.0, 380.0, 376.0, 376.0, 372.0, 376.0, 380.0, 376.0, 376.0, 372.0, 376.0, 380.0, 372.0, 376.0, 376.0, 376.0, 372.0, 372.0, 372.0, 376.0, 368.0, 372.0, 372.0, 372.0, 368.0, 368.0, 376.0, 372.0, 364.0, 372.0, 372.0, 368.0, 372.0, 376.0, 372.0, 368.0, 372.0, 372.0, 364.0, 368.0, 372.0, 368.0, 364.0, 372.0, 368.0, 364.0, 368.0, 372.0, 360.0, 368.0, 364.0, 368.0, 368.0, 368.0, 368.0, 360.0, 368.0, 364.0, 368.0, 372.0, 360.0, 368.0, 364.0, 368.0, 368.0, 368.0, 368.0, 364.0, 360.0, 372.0, 364.0, 364.0, 368.0, 368.0, 368.0, 368.0, 364.0]",0,1,0,Mid_vt,1
12,215,"[372.0, 364.0, 372.0, 372.0, 368.0, 372.0, 376.0, 372.0, 368.0, 372.0, 372.0, 364.0, 368.0, 372.0, 368.0, 364.0, 372.0, 368.0, 364.0, 368.0, 372.0, 360.0, 368.0, 364.0, 368.0, 368.0, 368.0, 368.0, 360.0, 368.0, 364.0, 368.0, 372.0, 360.0, 368.0, 364.0, 368.0, 368.0, 368.0, 368.0, 364.0, 360.0, 372.0, 364.0, 364.0, 368.0, 368.0, 368.0, 368.0, 364.0, 368.0, 372.0, 368.0, 368.0, 368.0, 376.0, 364.0, 364.0, 368.0, 372.0, 364.0, 368.0, 368.0, 372.0, 364.0, 368.0, 368.0, 368.0, 368.0, 364.0, 368.0, 368.0, 368.0, 364.0, 364.0, 372.0, 364.0, 368.0, 368.0, 368.0, 372.0, 372.0, 368.0, 372.0, 372.0, 376.0, 368.0, 372.0, 372.0, 372.0, 364.0, 372.0, 368.0, 368.0, 364.0, 372.0, 372.0, 364.0, 368.0, 368.0]",0,1,0,Mid_vt,1
12,230,"[368.0, 372.0, 368.0, 372.0, 368.0, 368.0, 364.0, 368.0, 368.0, 372.0, 372.0, 364.0, 368.0, 372.0, 364.0, 368.0, 368.0, 368.0, 368.0, 364.0, 368.0, 364.0, 368.0, 364.0, 368.0, 372.0, 368.0, 364.0, 368.0, 368.0, 368.0, 372.0, 368.0, 372.0, 372.0, 364.0, 368.0, 372.0, 368.0, 368.0, 368.0, 372.0, 368.0, 368.0, 368.0, 372.0, 364.0, 368.0, 368.0, 368.0, 368.0, 372.0, 368.0, 364.0, 368.0, 368.0, 372.0, 364.0, 368.0, 368.0, 368.0, 360.0, 368.0, 372.0, 360.0, 364.0, 368.0, 368.0, 364.0, 364.0, 364.0, 364.0, 368.0, 356.0, 368.0, 360.0, 360.0, 364.0, 364.0, 364.0, 360.0, 360.0, 360.0, 364.0, 364.0, 360.0, 364.0, 360.0, 360.0, 364.0, 364.0, 364.0, 360.0, 364.0, 364.0, 360.0, 360.0, 364.0, 360.0, 364.0]",0,1,0,Mid_vt,1
12,230,"[368.0, 372.0, 368.0, 364.0, 368.0, 368.0, 372.0, 364.0, 368.0, 368.0, 368.0, 360.0, 368.0, 372.0, 360.0, 364.0, 368.0, 368.0, 364.0, 364.0, 364.0, 364.0, 368.0, 356.0, 368.0, 360.0, 360.0, 364.0, 364.0, 364.0, 360.0, 360.0, 360.0, 364.0, 364.0, 360.0, 364.0, 360.0, 360.0, 364.0, 364.0, 364.0, 360.0, 364.0, 364.0, 360.0, 360.0, 364.0, 360.0, 364.0, 360.0, 364.0, 364.0, 360.0, 364.0, 364.0, 364.0, 356.0, 364.0, 364.0, 360.0, 364.0, 360.0, 364.0, 364.0, 364.0, 360.0, 364.0, 364.0, 364.0, 360.0, 364.0, 360.0, 364.0, 360.0, 360.0, 364.0, 364.0, 356.0, 356.0, 364.0, 360.0, 356.0, 356.0, 364.0, 360.0, 356.0, 360.0, 360.0, 364.0, 356.0, 360.0, 360.0, 364.0, 360.0, 368.0, 364.0, 356.0, 360.0, 360.0]",0,1,0,Mid_vt,1
12,245,"[356.0, 360.0, 352.0, 352.0, 356.0, 360.0, 356.0, 352.0, 356.0, 360.0, 356.0, 352.0, 356.0, 360.0, 352.0, 352.0, 356.0, 356.0, 352.0, 352.0, 356.0, 356.0, 348.0, 356.0, 352.0, 356.0, 348.0, 352.0, 352.0, 356.0, 352.0, 356.0, 348.0, 352.0, 348.0, 356.0, 348.0, 356.0, 348.0, 356.0, 348.0, 352.0, 352.0, 356.0, 348.0, 352.0, 352.0, 356.0, 344.0, 356.0, 352.0, 352.0, 344.0, 352.0, 352.0, 348.0, 348.0, 356.0, 352.0, 324.0, 380.0, 348.0, 348.0, 352.0, 352.0, 352.0, 352.0, 348.0, 356.0, 352.0, 348.0, 356.0, 352.0, 348.0, 352.0, 348.0, 352.0, 352.0, 352.0, 352.0, 356.0, 352.0, 348.0, 348.0, 352.0, 348.0, 352.0, 348.0, 352.0, 348.0, 324.0, 384.0, 344.0, 352.0, 352.0, 352.0, 348.0, 348.0, 352.0, 352.0]",0,1,0,Mid_vt,1
12,245,"[352.0, 352.0, 344.0, 352.0, 352.0, 348.0, 348.0, 356.0, 352.0, 324.0, 380.0, 348.0, 348.0, 352.0, 352.0, 352.0, 352.0, 348.0, 356.0, 352.0, 348.0, 356.0, 352.0, 348.0, 352.0, 348.0, 352.0, 352.0, 352.0, 352.0, 356.0, 352.0, 348.0, 348.0, 352.0, 348.0, 352.0, 348.0, 352.0, 348.0, 324.0, 384.0, 344.0, 352.0, 352.0, 352.0, 348.0, 348.0, 352.0, 352.0, 344.0, 348.0, 352.0, 348.0, 348.0, 348.0, 352.0, 344.0, 352.0, 348.0, 352.0, 352.0, 348.0, 348.0, 352.0, 328.0, 372.0, 348.0, 352.0, 348.0, 344.0, 356.0, 348.0, 348.0, 348.0, 356.0, 352.0, 344.0, 352.0, 352.0, 348.0, 348.0, 352.0, 356.0, 352.0, 344.0, 352.0, 352.0, 352.0, 348.0, 352.0, 352.0, 348.0, 348.0, 352.0, 352.0, 348.0, 348.0, 352.0, 352.0]",0,1,0,Mid_vt,1
12,260,"[344.0, 352.0, 352.0, 348.0, 344.0, 352.0, 348.0, 348.0, 348.0, 348.0, 352.0, 348.0, 348.0, 352.0, 344.0, 348.0, 348.0, 352.0, 344.0, 348.0, 352.0, 352.0, 344.0, 348.0, 348.0, 348.0, 348.0, 348.0, 348.0, 348.0, 348.0, 348.0, 348.0, 348.0, 344.0, 352.0, 344.0, 348.0, 344.0, 348.0, 348.0, 344.0, 352.0, 344.0, 348.0, 348.0, 348.0, 352.0, 348.0, 344.0, 348.0, 348.0, 348.0, 348.0, 348.0, 348.0, 344.0, 348.0, 348.0, 352.0, 348.0, 344.0, 352.0, 348.0, 348.0, 348.0, 348.0, 352.0, 344.0, 348.0, 352.0, 344.0, 348.0, 344.0, 352.0, 340.0, 348.0, 344.0, 352.0, 344.0, 340.0, 348.0, 348.0, 348.0, 344.0, 344.0, 348.0, 348.0, 344.0, 348.0, 344.0, 348.0, 348.0, 344.0, 344.0, 348.0, 348.0, 348.0, 340.0, 348.0]",0,1,0,Mid_vt,1
12,260,"[348.0, 348.0, 348.0, 348.0, 348.0, 348.0, 344.0, 348.0, 348.0, 352.0, 348.0, 344.0, 352.0, 348.0, 348.0, 348.0, 348.0, 352.0, 344.0, 348.0, 352.0, 344.0, 348.0, 344.0, 352.0, 340.0, 348.0, 344.0, 352.0, 344.0, 340.0, 348.0, 348.0, 348.0, 344.0, 344.0, 348.0, 348.0, 344.0, 348.0, 344.0, 348.0, 348.0, 344.0, 344.0, 348.0, 348.0, 348.0, 340.0, 348.0, 348.0, 344.0, 348.0, 340.0, 348.0, 344.0, 352.0, 340.0, 344.0, 348.0, 348.0, 348.0, 344.0, 344.0, 344.0, 348.0, 352.0, 344.0, 348.0, 348.0, 344.0, 344.0, 348.0, 348.0, 344.0, 344.0, 344.0, 344.0, 344.0, 344.0, 352.0, 344.0, 348.0, 336.0, 348.0, 348.0, 348.0, 344.0, 344.0, 352.0, 340.0, 348.0, 348.0, 344.0, 344.0, 344.0, 348.0, 344.0, 344.0, 348.0]",0,1,0,Mid_vt,1
12,275,"[344.0, 340.0, 340.0, 344.0, 344.0, 336.0, 344.0, 344.0, 344.0, 340.0, 340.0, 344.0, 340.0, 340.0, 344.0, 344.0, 340.0, 336.0, 340.0, 344.0, 340.0, 344.0, 340.0, 340.0, 340.0, 340.0, 344.0, 344.0, 340.0, 344.0, 336.0, 344.0, 340.0, 344.0, 344.0, 344.0, 344.0, 340.0, 344.0, 344.0, 344.0, 348.0, 340.0, 344.0, 344.0, 344.0, 344.0, 340.0, 344.0, 348.0, 336.0, 348.0, 340.0, 344.0, 340.0, 348.0, 340.0, 340.0, 340.0, 344.0, 344.0, 340.0, 344.0, 344.0, 336.0, 340.0, 344.0, 344.0, 336.0, 340.0, 340.0, 340.0, 340.0, 340.0, 340.0, 340.0, 344.0, 336.0, 340.0, 340.0, 344.0, 340.0, 340.0, 340.0, 340.0, 344.0, 336.0, 340.0, 340.0, 344.0, 336.0, 340.0, 340.0, 340.0, 336.0, 340.0, 340.0, 340.0, 340.0, 340.0]",0,1,0,Mid_vt,1
12,275,"[336.0, 348.0, 340.0, 344.0, 340.0, 348.0, 340.0, 340.0, 340.0, 344.0, 344.0, 340.0, 344.0, 344.0, 336.0, 340.0, 344.0, 344.0, 336.0, 340.0, 340.0, 340.0, 340.0, 340.0, 340.0, 340.0, 344.0, 336.0, 340.0, 340.0, 344.0, 340.0, 340.0, 340.0, 340.0, 344.0, 336.0, 340.0, 340.0, 344.0, 336.0, 340.0, 340.0, 340.0, 336.0, 340.0, 340.0, 340.0, 340.0, 340.0, 340.0, 340.0, 336.0, 340.0, 340.0, 340.0, 340.0, 336.0, 340.0, 344.0, 336.0, 340.0, 340.0, 340.0, 336.0, 340.0, 344.0, 340.0, 336.0, 336.0, 344.0, 340.0, 336.0, 336.0, 336.0, 344.0, 340.0, 336.0, 336.0, 344.0, 336.0, 336.0, 336.0, 340.0, 340.0, 336.0, 336.0, 340.0, 336.0, 336.0, 340.0, 336.0, 336.0, 336.0, 340.0, 336.0, 340.0, 332.0, 340.0, 340.0]",0,1,0,Mid_vt,1
13,50,"[700.0, 776.0, 740.0, 736.0, 684.0, 668.0, 616.0, 596.0, 672.0, 588.0, 608.0, 588.0, 588.0, 592.0, 568.0, 572.0, 576.0, 572.0, 556.0, 560.0, 560.0, 572.0, 556.0, 576.0, 576.0, 600.0, 608.0, 592.0, 596.0, 588.0, 576.0, 588.0, 584.0, 568.0, 568.0, 564.0, 564.0, 556.0, 556.0, 564.0, 572.0, 580.0, 560.0, 588.0, 604.0, 576.0, 552.0, 560.0, 560.0, 560.0, 560.0, 572.0, 584.0, 592.0, 600.0, 580.0, 552.0, 544.0, 540.0, 536.0, 532.0, 528.0, 536.0, 540.0, 540.0, 532.0, 552.0, 564.0, 548.0, 556.0, 548.0, 540.0, 528.0, 520.0, 532.0, 532.0, 524.0, 528.0, 540.0, 544.0, 540.0, 540.0, 552.0, 604.0, 652.0, 632.0, 608.0, 564.0, 560.0, 560.0, 548.0, 548.0, 544.0, 552.0, 544.0, 548.0, 544.0, 556.0, 568.0, 548.0]",1,0,0,Sub_vt1,0
13,50,"[560.0, 572.0, 584.0, 592.0, 600.0, 580.0, 552.0, 544.0, 540.0, 536.0, 532.0, 528.0, 536.0, 540.0, 540.0, 532.0, 552.0, 564.0, 548.0, 556.0, 548.0, 540.0, 528.0, 520.0, 532.0, 532.0, 524.0, 528.0, 540.0, 544.0, 540.0, 540.0, 552.0, 604.0, 652.0, 632.0, 608.0, 564.0, 560.0, 560.0, 548.0, 548.0, 544.0, 552.0, 544.0, 548.0, 544.0, 556.0, 568.0, 548.0, 536.0, 556.0, 572.0, 580.0, 588.0, 576.0, 552.0, 552.0, 544.0, 536.0, 540.0, 532.0, 536.0, 524.0, 532.0, 540.0, 564.0, 564.0, 556.0, 564.0, 568.0, 572.0, 580.0, 580.0, 576.0, 568.0, 564.0, 564.0, 548.0, 544.0, 544.0, 536.0, 536.0, 536.0, 544.0, 544.0, 536.0, 544.0, 540.0, 536.0, 540.0, 536.0, 536.0, 536.0, 536.0, 532.0, 552.0, 544.0, 544.0, 540.0]",1,0,0,Sub_vt1,0
13,50,"[536.0, 556.0, 572.0, 580.0, 588.0, 576.0, 552.0, 552.0, 544.0, 536.0, 540.0, 532.0, 536.0, 524.0, 532.0, 540.0, 564.0, 564.0, 556.0, 564.0, 568.0, 572.0, 580.0, 580.0, 576.0, 568.0, 564.0, 564.0, 548.0, 544.0, 544.0, 536.0, 536.0, 536.0, 544.0, 544.0, 536.0, 544.0, 540.0, 536.0, 540.0, 536.0, 536.0, 536.0, 536.0, 532.0, 552.0, 544.0, 544.0, 540.0, 536.0, 532.0, 520.0, 528.0, 516.0, 516.0, 520.0, 516.0, 520.0, 516.0, 520.0, 532.0, 536.0, 556.0, 552.0, 552.0, 560.0, 564.0, 548.0, 544.0, 556.0, 552.0, 544.0, 536.0, 532.0, 520.0, 512.0, 512.0, 512.0, 508.0, 504.0, 508.0, 508.0, 508.0, 528.0, 532.0, 536.0, 572.0, 576.0, 580.0, 584.0, 576.0, 576.0, 568.0, 552.0, 548.0, 552.0, 536.0, 524.0, 528.0]",1,0,0,Sub_vt1,0
13,50,"[536.0, 532.0, 520.0, 528.0, 516.0, 516.0, 520.0, 516.0, 520.0, 516.0, 520.0, 532.0, 536.0, 556.0, 552.0, 552.0, 560.0, 564.0, 548.0, 544.0, 556.0, 552.0, 544.0, 536.0, 532.0, 520.0, 512.0, 512.0, 512.0, 508.0, 504.0, 508.0, 508.0, 508.0, 528.0, 532.0, 536.0, 572.0, 576.0, 580.0, 584.0, 576.0, 576.0, 568.0, 552.0, 548.0, 552.0, 536.0, 524.0, 528.0, 528.0, 528.0, 528.0, 524.0, 520.0, 512.0, 520.0, 536.0, 540.0, 556.0, 572.0, 568.0, 576.0, 616.0, 600.0, 600.0, 604.0, 580.0, 580.0, 568.0, 548.0, 540.0, 532.0, 532.0, 532.0, 524.0, 540.0, 536.0, 544.0, 552.0, 548.0, 556.0, 568.0, 548.0, 568.0, 552.0, 544.0, 544.0, 548.0, 532.0, 528.0, 528.0, 532.0, 532.0, 532.0, 532.0, 524.0, 532.0, 528.0, 536.0]",1,0,0,Sub_vt1,0
13,50,"[528.0, 528.0, 528.0, 524.0, 520.0, 512.0, 520.0, 536.0, 540.0, 556.0, 572.0, 568.0, 576.0, 616.0, 600.0, 600.0, 604.0, 580.0, 580.0, 568.0, 548.0, 540.0, 532.0, 532.0, 532.0, 524.0, 540.0, 536.0, 544.0, 552.0, 548.0, 556.0, 568.0, 548.0, 568.0, 552.0, 544.0, 544.0, 548.0, 532.0, 528.0, 528.0, 532.0, 532.0, 532.0, 532.0, 524.0, 532.0, 528.0, 536.0, 564.0, 576.0, 544.0, 560.0, 560.0, 544.0, 540.0, 544.0, 532.0, 536.0, 536.0, 540.0, 528.0, 536.0, 520.0, 524.0, 524.0, 536.0, 516.0, 520.0, 520.0, 508.0, 516.0, 516.0, 516.0, 512.0, 528.0, 548.0, 544.0, 532.0, 524.0, 544.0, 564.0, 552.0, 556.0, 540.0, 544.0, 528.0, 524.0, 532.0, 540.0, 532.0, 536.0, 544.0, 560.0, 540.0, 560.0, 556.0, 548.0, 552.0]",1,0,0,Sub_vt1,0
13,65,"[516.0, 512.0, 500.0, 504.0, 508.0, 508.0, 516.0, 528.0, 532.0, 544.0, 540.0, 568.0, 584.0, 580.0, 584.0, 584.0, 584.0, 576.0, 552.0, 556.0, 552.0, 532.0, 532.0, 528.0, 524.0, 524.0, 520.0, 532.0, 524.0, 532.0, 536.0, 544.0, 544.0, 560.0, 548.0, 548.0, 556.0, 544.0, 536.0, 548.0, 540.0, 536.0, 536.0, 524.0, 528.0, 532.0, 520.0, 520.0, 532.0, 528.0, 528.0, 536.0, 536.0, 540.0, 548.0, 540.0, 548.0, 548.0, 540.0, 544.0, 536.0, 524.0, 524.0, 524.0, 520.0, 524.0, 528.0, 540.0, 544.0, 556.0, 552.0, 560.0, 564.0, 552.0, 548.0, 548.0, 540.0, 532.0, 536.0, 524.0, 528.0, 528.0, 532.0, 524.0, 532.0, 532.0, 532.0, 532.0, 556.0, 548.0, 552.0, 560.0, 540.0, 548.0, 548.0, 532.0, 528.0, 536.0, 528.0, 516.0]",1,0,0,Sub_vt1,0
13,80,"[500.0, 500.0, 512.0, 508.0, 512.0, 508.0, 500.0, 500.0, 500.0, 508.0, 508.0, 504.0, 500.0, 500.0, 500.0, 500.0, 500.0, 504.0, 508.0, 508.0, 516.0, 516.0, 520.0, 516.0, 520.0, 512.0, 512.0, 500.0, 500.0, 496.0, 496.0, 488.0, 488.0, 488.0, 480.0, 488.0, 480.0, 480.0, 484.0, 480.0, 488.0, 492.0, 496.0, 512.0, 516.0, 508.0, 524.0, 528.0, 516.0, 508.0, 520.0, 520.0, 516.0, 520.0, 512.0, 512.0, 516.0, 520.0, 512.0, 508.0, 500.0, 492.0, 488.0, 484.0, 488.0, 492.0, 500.0, 500.0, 512.0, 516.0, 512.0, 512.0, 516.0, 508.0, 508.0, 508.0, 500.0, 500.0, 496.0, 488.0, 484.0, 484.0, 484.0, 484.0, 484.0, 484.0, 492.0, 492.0, 500.0, 504.0, 508.0, 516.0, 516.0, 516.0, 512.0, 512.0, 508.0, 504.0, 500.0, 504.0]",1,0,0,Sub_vt1,0
13,95,"[504.0, 496.0, 488.0, 492.0, 488.0, 488.0, 484.0, 492.0, 496.0, 496.0, 500.0, 508.0, 508.0, 512.0, 520.0, 512.0, 508.0, 508.0, 504.0, 500.0, 500.0, 504.0, 504.0, 500.0, 504.0, 508.0, 504.0, 512.0, 516.0, 520.0, 516.0, 524.0, 524.0, 520.0, 520.0, 524.0, 516.0, 520.0, 508.0, 508.0, 508.0, 500.0, 500.0, 496.0, 492.0, 500.0, 512.0, 524.0, 516.0, 524.0, 504.0, 504.0, 504.0, 500.0, 500.0, 488.0, 492.0, 488.0, 492.0, 500.0, 500.0, 508.0, 504.0, 512.0, 504.0, 500.0, 500.0, 500.0, 496.0, 500.0, 496.0, 488.0, 492.0, 492.0, 484.0, 488.0, 496.0, 504.0, 504.0, 520.0, 516.0, 512.0, 516.0, 516.0, 508.0, 504.0, 516.0, 508.0, 504.0, 504.0, 504.0, 496.0, 500.0, 500.0, 496.0, 500.0, 488.0, 496.0, 500.0, 496.0]",1,0,0,Sub_vt1,0
13,110,"[488.0, 488.0, 488.0, 488.0, 496.0, 488.0, 492.0, 492.0, 488.0, 488.0, 484.0, 480.0, 480.0, 480.0, 476.0, 468.0, 472.0, 468.0, 468.0, 472.0, 472.0, 484.0, 476.0, 480.0, 476.0, 472.0, 476.0, 472.0, 484.0, 476.0, 480.0, 484.0, 484.0, 480.0, 484.0, 484.0, 480.0, 488.0, 484.0, 476.0, 484.0, 484.0, 484.0, 480.0, 484.0, 488.0, 496.0, 504.0, 492.0, 484.0, 488.0, 484.0, 484.0, 480.0, 480.0, 480.0, 480.0, 472.0, 464.0, 464.0, 468.0, 476.0, 480.0, 480.0, 476.0, 488.0, 496.0, 492.0, 500.0, 508.0, 500.0, 500.0, 508.0, 500.0, 496.0, 492.0, 484.0, 484.0, 480.0, 480.0, 480.0, 476.0, 476.0, 472.0, 468.0, 468.0, 464.0, 464.0, 468.0, 468.0, 460.0, 464.0, 476.0, 468.0, 472.0, 476.0, 472.0, 476.0, 480.0, 476.0]",1,0,0,Sub_vt1,0
13,125,"[472.0, 468.0, 464.0, 468.0, 468.0, 468.0, 468.0, 472.0, 468.0, 472.0, 472.0, 468.0, 468.0, 468.0, 468.0, 472.0, 472.0, 472.0, 472.0, 476.0, 476.0, 476.0, 480.0, 480.0, 476.0, 480.0, 476.0, 476.0, 468.0, 472.0, 476.0, 472.0, 476.0, 488.0, 488.0, 488.0, 492.0, 500.0, 492.0, 492.0, 496.0, 484.0, 484.0, 480.0, 480.0, 472.0, 472.0, 472.0, 468.0, 464.0, 468.0, 472.0, 464.0, 468.0, 480.0, 476.0, 480.0, 488.0, 496.0, 488.0, 492.0, 496.0, 496.0, 492.0, 496.0, 492.0, 488.0, 492.0, 488.0, 480.0, 480.0, 476.0, 472.0, 472.0, 472.0, 468.0, 468.0, 472.0, 472.0, 472.0, 476.0, 480.0, 480.0, 480.0, 484.0, 484.0, 480.0, 484.0, 488.0, 476.0, 484.0, 480.0, 472.0, 472.0, 476.0, 472.0, 468.0, 472.0, 476.0, 476.0]",1,0,0,Sub_vt1,0
13,170,"[440.0, 432.0, 432.0, 436.0, 428.0, 432.0, 432.0, 428.0, 424.0, 428.0, 424.0, 424.0, 424.0, 428.0, 420.0, 424.0, 424.0, 428.0, 428.0, 432.0, 432.0, 432.0, 432.0, 432.0, 432.0, 436.0, 432.0, 432.0, 432.0, 432.0, 432.0, 436.0, 428.0, 432.0, 432.0, 428.0, 428.0, 428.0, 428.0, 428.0, 432.0, 432.0, 424.0, 432.0, 432.0, 428.0, 432.0, 428.0, 432.0, 432.0, 432.0, 432.0, 432.0, 436.0, 424.0, 432.0, 432.0, 424.0, 424.0, 424.0, 424.0, 424.0, 424.0, 424.0, 420.0, 424.0, 416.0, 416.0, 416.0, 416.0, 416.0, 416.0, 416.0, 424.0, 412.0, 420.0, 420.0, 420.0, 420.0, 420.0, 416.0, 416.0, 416.0, 416.0, 416.0, 424.0, 420.0, 416.0, 420.0, 420.0, 420.0, 416.0, 416.0, 420.0, 416.0, 420.0, 420.0, 420.0, 420.0, 420.0]",0,1,0,Mid_vt,1
13,185,"[412.0, 420.0, 416.0, 416.0, 412.0, 412.0, 416.0, 416.0, 408.0, 412.0, 412.0, 412.0, 408.0, 412.0, 412.0, 412.0, 408.0, 412.0, 412.0, 412.0, 412.0, 412.0, 408.0, 408.0, 408.0, 408.0, 404.0, 404.0, 404.0, 408.0, 408.0, 404.0, 400.0, 404.0, 404.0, 400.0, 400.0, 400.0, 396.0, 396.0, 404.0, 400.0, 400.0, 400.0, 400.0, 400.0, 404.0, 408.0, 404.0, 404.0, 404.0, 408.0, 408.0, 408.0, 408.0, 404.0, 408.0, 404.0, 404.0, 404.0, 404.0, 408.0, 404.0, 404.0, 404.0, 404.0, 408.0, 404.0, 408.0, 404.0, 412.0, 404.0, 412.0, 408.0, 412.0, 408.0, 412.0, 412.0, 412.0, 408.0, 408.0, 412.0, 412.0, 404.0, 404.0, 408.0, 412.0, 408.0, 404.0, 404.0, 408.0, 408.0, 400.0, 404.0, 404.0, 404.0, 408.0, 404.0, 404.0, 404.0]",0,1,0,Mid_vt,1
13,200,"[392.0, 392.0, 396.0, 392.0, 392.0, 392.0, 392.0, 396.0, 388.0, 396.0, 388.0, 392.0, 392.0, 388.0, 392.0, 392.0, 388.0, 388.0, 392.0, 388.0, 388.0, 392.0, 392.0, 388.0, 388.0, 392.0, 388.0, 388.0, 384.0, 392.0, 392.0, 392.0, 388.0, 392.0, 392.0, 388.0, 388.0, 388.0, 392.0, 392.0, 388.0, 388.0, 388.0, 392.0, 392.0, 388.0, 388.0, 392.0, 388.0, 392.0, 392.0, 388.0, 392.0, 392.0, 392.0, 388.0, 392.0, 388.0, 392.0, 388.0, 392.0, 388.0, 388.0, 392.0, 392.0, 388.0, 388.0, 392.0, 392.0, 392.0, 388.0, 396.0, 392.0, 392.0, 392.0, 392.0, 388.0, 392.0, 388.0, 392.0, 388.0, 392.0, 392.0, 384.0, 388.0, 392.0, 388.0, 388.0, 384.0, 388.0, 392.0, 388.0, 388.0, 388.0, 392.0, 388.0, 392.0, 388.0, 392.0, 388.0]",0,1,0,Mid_vt,1
13,200,"[392.0, 388.0, 392.0, 392.0, 392.0, 388.0, 392.0, 388.0, 392.0, 388.0, 392.0, 388.0, 388.0, 392.0, 392.0, 388.0, 388.0, 392.0, 392.0, 392.0, 388.0, 396.0, 392.0, 392.0, 392.0, 392.0, 388.0, 392.0, 388.0, 392.0, 388.0, 392.0, 392.0, 384.0, 388.0, 392.0, 388.0, 388.0, 384.0, 388.0, 392.0, 388.0, 388.0, 388.0, 392.0, 388.0, 392.0, 388.0, 392.0, 388.0, 388.0, 392.0, 392.0, 388.0, 388.0, 392.0, 384.0, 388.0, 388.0, 392.0, 388.0, 388.0, 388.0, 388.0, 384.0, 388.0, 388.0, 388.0, 388.0, 384.0, 388.0, 384.0, 388.0, 388.0, 384.0, 388.0, 384.0, 388.0, 392.0, 384.0, 384.0, 388.0, 392.0, 388.0, 388.0, 388.0, 388.0, 392.0, 388.0, 388.0, 388.0, 388.0, 388.0, 392.0, 388.0, 392.0, 392.0, 388.0, 388.0, 388.0]",0,1,0,Mid_vt,1
13,215,"[388.0, 388.0, 392.0, 388.0, 388.0, 388.0, 388.0, 392.0, 388.0, 392.0, 384.0, 388.0, 392.0, 388.0, 388.0, 388.0, 388.0, 384.0, 384.0, 388.0, 388.0, 388.0, 380.0, 388.0, 380.0, 384.0, 380.0, 384.0, 384.0, 384.0, 380.0, 380.0, 380.0, 380.0, 376.0, 380.0, 380.0, 376.0, 384.0, 380.0, 380.0, 384.0, 380.0, 380.0, 384.0, 380.0, 384.0, 384.0, 384.0, 384.0, 380.0, 380.0, 384.0, 380.0, 380.0, 380.0, 380.0, 380.0, 376.0, 380.0, 376.0, 376.0, 376.0, 380.0, 372.0, 376.0, 376.0, 376.0, 372.0, 376.0, 376.0, 376.0, 376.0, 376.0, 372.0, 376.0, 376.0, 376.0, 372.0, 376.0, 376.0, 380.0, 376.0, 380.0, 380.0, 380.0, 376.0, 380.0, 380.0, 380.0, 376.0, 380.0, 380.0, 380.0, 376.0, 384.0, 376.0, 380.0, 380.0, 380.0]",0,1,0,Mid_vt,1
13,215,"[380.0, 380.0, 384.0, 380.0, 380.0, 380.0, 380.0, 380.0, 376.0, 380.0, 376.0, 376.0, 376.0, 380.0, 372.0, 376.0, 376.0, 376.0, 372.0, 376.0, 376.0, 376.0, 376.0, 376.0, 372.0, 376.0, 376.0, 376.0, 372.0, 376.0, 376.0, 380.0, 376.0, 380.0, 380.0, 380.0, 376.0, 380.0, 380.0, 380.0, 376.0, 380.0, 380.0, 380.0, 376.0, 384.0, 376.0, 380.0, 380.0, 380.0, 380.0, 380.0, 380.0, 384.0, 380.0, 380.0, 380.0, 384.0, 380.0, 380.0, 380.0, 384.0, 380.0, 380.0, 380.0, 380.0, 380.0, 376.0, 376.0, 380.0, 376.0, 376.0, 376.0, 376.0, 376.0, 376.0, 376.0, 376.0, 376.0, 380.0, 376.0, 376.0, 376.0, 376.0, 380.0, 380.0, 376.0, 376.0, 376.0, 376.0, 376.0, 376.0, 376.0, 376.0, 380.0, 380.0, 376.0, 380.0, 376.0, 376.0]",0,1,0,Mid_vt,1
13,230,"[376.0, 372.0, 372.0, 372.0, 372.0, 372.0, 376.0, 372.0, 376.0, 368.0, 372.0, 376.0, 372.0, 372.0, 372.0, 376.0, 376.0, 372.0, 376.0, 376.0, 372.0, 376.0, 376.0, 372.0, 376.0, 368.0, 372.0, 372.0, 372.0, 368.0, 372.0, 372.0, 372.0, 368.0, 368.0, 372.0, 364.0, 372.0, 368.0, 368.0, 364.0, 372.0, 368.0, 368.0, 368.0, 368.0, 372.0, 368.0, 368.0, 368.0, 372.0, 368.0, 368.0, 372.0, 368.0, 368.0, 368.0, 368.0, 364.0, 368.0, 368.0, 368.0, 364.0, 368.0, 364.0, 368.0, 364.0, 364.0, 364.0, 364.0, 364.0, 364.0, 364.0, 364.0, 364.0, 364.0, 368.0, 364.0, 368.0, 360.0, 368.0, 364.0, 368.0, 360.0, 364.0, 368.0, 364.0, 360.0, 364.0, 364.0, 364.0, 360.0, 368.0, 364.0, 360.0, 364.0, 364.0, 364.0, 364.0, 364.0]",0,1,0,Mid_vt,1
13,230,"[372.0, 368.0, 368.0, 372.0, 368.0, 368.0, 368.0, 368.0, 364.0, 368.0, 368.0, 368.0, 364.0, 368.0, 364.0, 368.0, 364.0, 364.0, 364.0, 364.0, 364.0, 364.0, 364.0, 364.0, 364.0, 364.0, 368.0, 364.0, 368.0, 360.0, 368.0, 364.0, 368.0, 360.0, 364.0, 368.0, 364.0, 360.0, 364.0, 364.0, 364.0, 360.0, 368.0, 364.0, 360.0, 364.0, 364.0, 364.0, 364.0, 364.0, 364.0, 360.0, 364.0, 364.0, 364.0, 364.0, 364.0, 364.0, 364.0, 364.0, 364.0, 364.0, 360.0, 368.0, 364.0, 360.0, 364.0, 364.0, 364.0, 360.0, 364.0, 364.0, 368.0, 364.0, 368.0, 364.0, 364.0, 368.0, 364.0, 368.0, 364.0, 368.0, 364.0, 368.0, 368.0, 368.0, 368.0, 364.0, 368.0, 368.0, 368.0, 364.0, 368.0, 364.0, 364.0, 368.0, 364.0, 364.0, 368.0, 364.0]",0,1,0,Mid_vt,1
13,245,"[368.0, 364.0, 364.0, 360.0, 368.0, 364.0, 360.0, 364.0, 368.0, 364.0, 364.0, 360.0, 364.0, 364.0, 364.0, 360.0, 364.0, 364.0, 360.0, 364.0, 360.0, 364.0, 356.0, 364.0, 360.0, 364.0, 360.0, 360.0, 360.0, 360.0, 360.0, 364.0, 360.0, 360.0, 360.0, 360.0, 356.0, 360.0, 360.0, 360.0, 356.0, 356.0, 360.0, 356.0, 356.0, 356.0, 356.0, 360.0, 356.0, 356.0, 356.0, 356.0, 360.0, 356.0, 360.0, 356.0, 360.0, 356.0, 356.0, 356.0, 360.0, 356.0, 356.0, 360.0, 356.0, 360.0, 356.0, 356.0, 360.0, 360.0, 360.0, 356.0, 356.0, 360.0, 360.0, 360.0, 356.0, 360.0, 360.0, 360.0, 356.0, 360.0, 360.0, 356.0, 360.0, 360.0, 360.0, 360.0, 356.0, 364.0, 356.0, 360.0, 360.0, 360.0, 360.0, 360.0, 356.0, 360.0, 360.0, 356.0]",0,1,0,Mid_vt,1
13,245,"[356.0, 356.0, 360.0, 356.0, 360.0, 356.0, 360.0, 356.0, 356.0, 356.0, 360.0, 356.0, 356.0, 360.0, 356.0, 360.0, 356.0, 356.0, 360.0, 360.0, 360.0, 356.0, 356.0, 360.0, 360.0, 360.0, 356.0, 360.0, 360.0, 360.0, 356.0, 360.0, 360.0, 356.0, 360.0, 360.0, 360.0, 360.0, 356.0, 364.0, 356.0, 360.0, 360.0, 360.0, 360.0, 360.0, 356.0, 360.0, 360.0, 356.0, 360.0, 356.0, 360.0, 360.0, 360.0, 356.0, 356.0, 356.0, 360.0, 356.0, 356.0, 356.0, 356.0, 352.0, 356.0, 356.0, 356.0, 356.0, 356.0, 352.0, 356.0, 352.0, 356.0, 352.0, 356.0, 352.0, 356.0, 352.0, 352.0, 352.0, 356.0, 352.0, 352.0, 352.0, 352.0, 352.0, 352.0, 352.0, 352.0, 352.0, 348.0, 352.0, 352.0, 352.0, 348.0, 352.0, 352.0, 352.0, 352.0, 352.0]",0,1,0,Mid_vt,1
13,290,"[336.0, 336.0, 340.0, 336.0, 336.0, 336.0, 336.0, 336.0, 336.0, 336.0, 336.0, 340.0, 336.0, 336.0, 336.0, 336.0, 336.0, 336.0, 336.0, 332.0, 336.0, 332.0, 336.0, 336.0, 336.0, 332.0, 336.0, 336.0, 336.0, 332.0, 336.0, 332.0, 332.0, 336.0, 332.0, 328.0, 336.0, 332.0, 332.0, 332.0, 336.0, 332.0, 328.0, 336.0, 332.0, 332.0, 332.0, 332.0, 332.0, 328.0, 332.0, 336.0, 328.0, 332.0, 332.0, 332.0, 332.0, 328.0, 332.0, 332.0, 332.0, 332.0, 328.0, 332.0, 332.0, 332.0, 328.0, 332.0, 332.0, 332.0, 332.0, 328.0, 336.0, 332.0, 328.0, 328.0, 332.0, 332.0, 328.0, 332.0, 336.0, 328.0, 332.0, 328.0, 336.0, 328.0, 328.0, 332.0, 328.0, 332.0, 332.0, 328.0, 332.0, 328.0, 332.0, 332.0, 332.0, 332.0, 328.0, 336.0]",0,0,1,Supra_vt2,1
13,290,"[332.0, 336.0, 328.0, 332.0, 332.0, 332.0, 332.0, 328.0, 332.0, 332.0, 332.0, 332.0, 328.0, 332.0, 332.0, 332.0, 328.0, 332.0, 332.0, 332.0, 332.0, 328.0, 336.0, 332.0, 328.0, 328.0, 332.0, 332.0, 328.0, 332.0, 336.0, 328.0, 332.0, 328.0, 336.0, 328.0, 328.0, 332.0, 328.0, 332.0, 332.0, 328.0, 332.0, 328.0, 332.0, 332.0, 332.0, 332.0, 328.0, 336.0, 328.0, 328.0, 332.0, 332.0, 332.0, 324.0, 332.0, 332.0, 328.0, 328.0, 332.0, 328.0, 328.0, 332.0, 332.0, 328.0, 328.0, 332.0, 328.0, 328.0, 328.0, 328.0, 332.0, 328.0, 328.0, 328.0, 328.0, 328.0, 332.0, 328.0, 332.0, 332.0, 328.0, 328.0, 336.0, 328.0, 324.0, 332.0, 328.0, 332.0, 328.0, 328.0, 332.0, 328.0, 328.0, 328.0, 332.0, 324.0, 328.0, 328.0]",0,0,1,Supra_vt2,1
13,305,"[328.0, 324.0, 324.0, 328.0, 328.0, 324.0, 328.0, 328.0, 324.0, 328.0, 324.0, 324.0, 328.0, 324.0, 324.0, 328.0, 320.0, 328.0, 324.0, 324.0, 328.0, 324.0, 328.0, 320.0, 328.0, 324.0, 320.0, 324.0, 328.0, 324.0, 320.0, 324.0, 320.0, 324.0, 324.0, 328.0, 324.0, 324.0, 320.0, 324.0, 324.0, 324.0, 324.0, 324.0, 324.0, 320.0, 324.0, 328.0, 324.0, 328.0, 324.0, 324.0, 320.0, 328.0, 324.0, 324.0, 328.0, 332.0, 324.0, 328.0, 320.0, 332.0, 324.0, 328.0, 328.0, 328.0, 324.0, 324.0, 324.0, 328.0, 324.0, 324.0, 324.0, 328.0, 320.0, 328.0, 324.0, 324.0, 324.0, 324.0, 324.0, 324.0, 324.0, 324.0, 324.0, 324.0, 320.0, 324.0, 324.0, 324.0, 324.0, 320.0, 324.0, 324.0, 324.0, 324.0, 324.0, 324.0, 320.0, 324.0]",0,0,1,Supra_vt2,1
13,305,"[324.0, 324.0, 320.0, 328.0, 324.0, 324.0, 328.0, 332.0, 324.0, 328.0, 320.0, 332.0, 324.0, 328.0, 328.0, 328.0, 324.0, 324.0, 324.0, 328.0, 324.0, 324.0, 324.0, 328.0, 320.0, 328.0, 324.0, 324.0, 324.0, 324.0, 324.0, 324.0, 324.0, 324.0, 324.0, 324.0, 320.0, 324.0, 324.0, 324.0, 324.0, 320.0, 324.0, 324.0, 324.0, 324.0, 324.0, 324.0, 320.0, 324.0, 324.0, 324.0, 320.0, 328.0, 320.0, 320.0, 328.0, 320.0, 320.0, 324.0, 324.0, 320.0, 320.0, 320.0, 324.0, 324.0, 320.0, 320.0, 324.0, 324.0, 320.0, 320.0, 320.0, 324.0, 316.0, 320.0, 324.0, 320.0, 324.0, 320.0, 320.0, 316.0, 328.0, 320.0, 320.0, 324.0, 320.0, 320.0, 320.0, 324.0, 320.0, 320.0, 320.0, 320.0, 320.0, 320.0, 320.0, 324.0, 316.0, 324.0]",0,0,1,Supra_vt2,1
14,50,"[706.0, 800.0, 724.0, 752.0, 688.0, 648.0, 612.0, 612.0, 690.0, 760.0, 672.0, 632.0, 620.0, 680.0, 678.0, 756.0, 692.0, 676.0, 712.0, 728.0, 720.0, 700.0, 656.0, 652.0, 636.0, 616.0, 616.0, 608.0, 612.0, 600.0, 620.0, 600.0, 596.0, 592.0, 600.0, 600.0, 592.0, 588.0, 600.0, 592.0, 596.0, 592.0, 600.0, 588.0, 588.0, 576.0, 592.0, 580.0, 580.0, 568.0, 568.0, 564.0, 556.0, 552.0, 556.0, 548.0, 552.0, 544.0, 552.0, 544.0, 548.0, 540.0, 544.0, 544.0, 548.0, 552.0, 560.0, 560.0, 548.0, 560.0, 540.0, 564.0, 604.0, 596.0, 576.0, 564.0, 552.0, 560.0, 548.0, 548.0, 540.0, 544.0, 544.0, 540.0, 528.0, 536.0, 540.0, 532.0, 540.0, 552.0, 548.0, 540.0, 544.0, 548.0, 540.0, 540.0, 540.0, 548.0, 536.0, 528.0]",1,0,0,Sub_vt1,0
14,50,"[568.0, 564.0, 556.0, 552.0, 556.0, 548.0, 552.0, 544.0, 552.0, 544.0, 548.0, 540.0, 544.0, 544.0, 548.0, 552.0, 560.0, 560.0, 548.0, 560.0, 540.0, 564.0, 604.0, 596.0, 576.0, 564.0, 552.0, 560.0, 548.0, 548.0, 540.0, 544.0, 544.0, 540.0, 528.0, 536.0, 540.0, 532.0, 540.0, 552.0, 548.0, 540.0, 544.0, 548.0, 540.0, 540.0, 540.0, 548.0, 536.0, 528.0, 516.0, 512.0, 544.0, 568.0, 552.0, 528.0, 520.0, 508.0, 512.0, 528.0, 544.0, 540.0, 544.0, 544.0, 540.0, 560.0, 576.0, 544.0, 552.0, 552.0, 544.0, 544.0, 536.0, 528.0, 544.0, 536.0, 536.0, 540.0, 532.0, 536.0, 528.0, 536.0, 528.0, 528.0, 524.0, 524.0, 524.0, 540.0, 532.0, 528.0, 524.0, 540.0, 572.0, 568.0, 552.0, 536.0, 532.0, 532.0, 528.0, 524.0]",1,0,0,Sub_vt1,0
14,50,"[516.0, 512.0, 544.0, 568.0, 552.0, 528.0, 520.0, 508.0, 512.0, 528.0, 544.0, 540.0, 544.0, 544.0, 540.0, 560.0, 576.0, 544.0, 552.0, 552.0, 544.0, 544.0, 536.0, 528.0, 544.0, 536.0, 536.0, 540.0, 532.0, 536.0, 528.0, 536.0, 528.0, 528.0, 524.0, 524.0, 524.0, 540.0, 532.0, 528.0, 524.0, 540.0, 572.0, 568.0, 552.0, 536.0, 532.0, 532.0, 528.0, 524.0, 524.0, 524.0, 540.0, 548.0, 544.0, 564.0, 584.0, 568.0, 560.0, 584.0, 564.0, 552.0, 540.0, 556.0, 548.0, 540.0, 532.0, 536.0, 540.0, 540.0, 528.0, 536.0, 512.0, 536.0, 528.0, 520.0, 512.0, 504.0, 496.0, 508.0, 496.0, 516.0, 504.0, 496.0, 496.0, 508.0, 516.0, 524.0, 552.0, 548.0, 540.0, 552.0, 540.0, 532.0, 540.0, 536.0, 536.0, 524.0, 520.0, 544.0]",1,0,0,Sub_vt1,0
14,50,"[524.0, 524.0, 540.0, 548.0, 544.0, 564.0, 584.0, 568.0, 560.0, 584.0, 564.0, 552.0, 540.0, 556.0, 548.0, 540.0, 532.0, 536.0, 540.0, 540.0, 528.0, 536.0, 512.0, 536.0, 528.0, 520.0, 512.0, 504.0, 496.0, 508.0, 496.0, 516.0, 504.0, 496.0, 496.0, 508.0, 516.0, 524.0, 552.0, 548.0, 540.0, 552.0, 540.0, 532.0, 540.0, 536.0, 536.0, 524.0, 520.0, 544.0, 544.0, 536.0, 536.0, 544.0, 548.0, 540.0, 532.0, 528.0, 540.0, 524.0, 512.0, 516.0, 528.0, 524.0, 524.0, 540.0, 540.0, 556.0, 568.0, 556.0, 540.0, 552.0, 544.0, 536.0, 520.0, 528.0, 528.0, 528.0, 524.0, 524.0, 520.0, 524.0, 512.0, 456.0, 552.0, 536.0, 532.0, 528.0, 512.0, 508.0, 512.0, 512.0, 512.0, 504.0, 516.0, 544.0, 536.0, 520.0, 512.0, 504.0]",1,0,0,Sub_vt1,0
14,50,"[544.0, 536.0, 536.0, 544.0, 548.0, 540.0, 532.0, 528.0, 540.0, 524.0, 512.0, 516.0, 528.0, 524.0, 524.0, 540.0, 540.0, 556.0, 568.0, 556.0, 540.0, 552.0, 544.0, 536.0, 520.0, 528.0, 528.0, 528.0, 524.0, 524.0, 520.0, 524.0, 512.0, 456.0, 552.0, 536.0, 532.0, 528.0, 512.0, 508.0, 512.0, 512.0, 512.0, 504.0, 516.0, 544.0, 536.0, 520.0, 512.0, 504.0, 496.0, 504.0, 520.0, 524.0, 524.0, 512.0, 504.0, 508.0, 528.0, 528.0, 520.0, 508.0, 504.0, 504.0, 504.0, 512.0, 504.0, 508.0, 536.0, 524.0, 516.0, 512.0, 504.0, 528.0, 528.0, 496.0, 540.0, 504.0, 500.0, 504.0, 492.0, 496.0, 508.0, 500.0, 492.0, 508.0, 512.0, 504.0, 508.0, 508.0, 516.0, 504.0, 512.0, 512.0, 508.0, 504.0, 508.0, 496.0, 500.0, 488.0]",1,0,0,Sub_vt1,0
14,65,"[500.0, 508.0, 504.0, 504.0, 500.0, 500.0, 500.0, 492.0, 500.0, 500.0, 508.0, 504.0, 500.0, 504.0, 508.0, 504.0, 512.0, 516.0, 516.0, 508.0, 504.0, 512.0, 500.0, 504.0, 508.0, 508.0, 508.0, 496.0, 488.0, 496.0, 492.0, 480.0, 484.0, 476.0, 492.0, 500.0, 492.0, 488.0, 484.0, 480.0, 484.0, 484.0, 484.0, 480.0, 488.0, 492.0, 492.0, 488.0, 504.0, 524.0, 516.0, 504.0, 496.0, 492.0, 484.0, 480.0, 484.0, 480.0, 500.0, 508.0, 504.0, 512.0, 540.0, 540.0, 540.0, 532.0, 536.0, 536.0, 520.0, 512.0, 520.0, 528.0, 508.0, 512.0, 516.0, 496.0, 492.0, 496.0, 480.0, 492.0, 512.0, 500.0, 524.0, 528.0, 540.0, 536.0, 528.0, 524.0, 520.0, 532.0, 532.0, 520.0, 512.0, 508.0, 508.0, 508.0, 500.0, 508.0, 516.0, 512.0]",1,0,0,Sub_vt1,0
14,80,"[488.0, 480.0, 488.0, 496.0, 492.0, 488.0, 492.0, 504.0, 500.0, 488.0, 492.0, 492.0, 484.0, 480.0, 480.0, 484.0, 484.0, 480.0, 476.0, 472.0, 472.0, 464.0, 464.0, 464.0, 464.0, 464.0, 468.0, 464.0, 476.0, 472.0, 456.0, 480.0, 468.0, 476.0, 476.0, 472.0, 468.0, 468.0, 468.0, 480.0, 488.0, 484.0, 480.0, 472.0, 472.0, 472.0, 464.0, 460.0, 460.0, 464.0, 468.0, 464.0, 460.0, 456.0, 452.0, 480.0, 480.0, 470.0, 480.0, 484.0, 488.0, 484.0, 480.0, 476.0, 468.0, 488.0, 472.0, 468.0, 472.0, 472.0, 468.0, 472.0, 476.0, 472.0, 468.0, 472.0, 468.0, 472.0, 480.0, 468.0, 456.0, 480.0, 488.0, 480.0, 476.0, 472.0, 464.0, 468.0, 492.0, 492.0, 484.0, 480.0, 508.0, 508.0, 496.0, 504.0, 508.0, 500.0, 508.0, 504.0]",1,0,0,Sub_vt1,0
14,95,"[456.0, 460.0, 460.0, 464.0, 464.0, 464.0, 476.0, 472.0, 480.0, 476.0, 488.0, 488.0, 492.0, 500.0, 484.0, 472.0, 488.0, 468.0, 460.0, 464.0, 448.0, 472.0, 460.0, 452.0, 468.0, 468.0, 484.0, 476.0, 484.0, 484.0, 464.0, 488.0, 468.0, 472.0, 492.0, 500.0, 480.0, 468.0, 476.0, 468.0, 460.0, 456.0, 456.0, 452.0, 452.0, 452.0, 448.0, 460.0, 476.0, 468.0, 492.0, 476.0, 492.0, 464.0, 504.0, 516.0, 488.0, 472.0, 504.0, 476.0, 484.0, 476.0, 476.0, 476.0, 464.0, 460.0, 460.0, 456.0, 476.0, 484.0, 476.0, 468.0, 464.0, 468.0, 472.0, 452.0, 456.0, 464.0, 448.0, 472.0, 456.0, 476.0, 472.0, 476.0, 464.0, 492.0, 476.0, 460.0, 492.0, 476.0, 472.0, 468.0, 472.0, 468.0, 464.0, 460.0, 460.0, 456.0, 456.0, 448.0]",1,0,0,Sub_vt1,0
14,110,"[444.0, 448.0, 444.0, 444.0, 440.0, 440.0, 444.0, 436.0, 440.0, 436.0, 432.0, 432.0, 432.0, 436.0, 436.0, 432.0, 436.0, 436.0, 440.0, 436.0, 436.0, 436.0, 436.0, 436.0, 436.0, 440.0, 444.0, 440.0, 444.0, 444.0, 444.0, 436.0, 448.0, 444.0, 436.0, 440.0, 440.0, 452.0, 460.0, 448.0, 452.0, 432.0, 480.0, 456.0, 460.0, 460.0, 456.0, 460.0, 460.0, 460.0, 452.0, 456.0, 456.0, 456.0, 448.0, 456.0, 456.0, 452.0, 456.0, 460.0, 436.0, 480.0, 452.0, 444.0, 452.0, 456.0, 448.0, 452.0, 448.0, 456.0, 456.0, 452.0, 464.0, 464.0, 464.0, 460.0, 456.0, 456.0, 452.0, 440.0, 452.0, 444.0, 444.0, 440.0, 444.0, 436.0, 436.0, 428.0, 436.0, 428.0, 428.0, 432.0, 424.0, 432.0, 444.0, 440.0, 436.0, 440.0, 440.0, 440.0]",1,0,0,Sub_vt1,0
14,125,"[420.0, 428.0, 424.0, 428.0, 428.0, 432.0, 432.0, 424.0, 432.0, 428.0, 428.0, 424.0, 428.0, 428.0, 424.0, 424.0, 416.0, 420.0, 424.0, 420.0, 420.0, 416.0, 412.0, 420.0, 424.0, 416.0, 424.0, 424.0, 424.0, 424.0, 428.0, 428.0, 428.0, 428.0, 432.0, 440.0, 440.0, 440.0, 440.0, 440.0, 432.0, 428.0, 428.0, 424.0, 424.0, 420.0, 404.0, 440.0, 420.0, 416.0, 416.0, 416.0, 416.0, 408.0, 412.0, 404.0, 408.0, 408.0, 404.0, 408.0, 404.0, 404.0, 400.0, 408.0, 404.0, 400.0, 404.0, 400.0, 404.0, 400.0, 404.0, 400.0, 400.0, 400.0, 400.0, 396.0, 396.0, 396.0, 396.0, 400.0, 396.0, 400.0, 400.0, 396.0, 400.0, 400.0, 404.0, 400.0, 400.0, 400.0, 404.0, 404.0, 396.0, 400.0, 404.0, 404.0, 400.0, 404.0, 396.0, 404.0]",1,0,0,Sub_vt1,0
14,155,"[400.0, 396.0, 396.0, 396.0, 396.0, 392.0, 392.0, 392.0, 388.0, 388.0, 388.0, 396.0, 396.0, 392.0, 388.0, 400.0, 392.0, 392.0, 392.0, 392.0, 388.0, 396.0, 384.0, 388.0, 388.0, 388.0, 384.0, 392.0, 384.0, 388.0, 380.0, 384.0, 388.0, 384.0, 380.0, 384.0, 384.0, 384.0, 380.0, 384.0, 384.0, 384.0, 388.0, 384.0, 388.0, 388.0, 388.0, 384.0, 388.0, 380.0, 384.0, 380.0, 388.0, 380.0, 384.0, 380.0, 380.0, 388.0, 376.0, 380.0, 384.0, 380.0, 384.0, 380.0, 380.0, 384.0, 384.0, 380.0, 380.0, 384.0, 376.0, 384.0, 376.0, 376.0, 380.0, 376.0, 376.0, 376.0, 372.0, 376.0, 372.0, 372.0, 380.0, 372.0, 372.0, 380.0, 372.0, 372.0, 376.0, 372.0, 376.0, 376.0, 372.0, 376.0, 376.0, 376.0, 372.0, 368.0, 372.0, 372.0]",0,1,0,Mid_vt,1
14,155,"[384.0, 380.0, 388.0, 380.0, 384.0, 380.0, 380.0, 388.0, 376.0, 380.0, 384.0, 380.0, 384.0, 380.0, 380.0, 384.0, 384.0, 380.0, 380.0, 384.0, 376.0, 384.0, 376.0, 376.0, 380.0, 376.0, 376.0, 376.0, 372.0, 376.0, 372.0, 372.0, 380.0, 372.0, 372.0, 380.0, 372.0, 372.0, 376.0, 372.0, 376.0, 376.0, 372.0, 376.0, 376.0, 376.0, 372.0, 368.0, 372.0, 372.0, 368.0, 368.0, 372.0, 368.0, 368.0, 368.0, 368.0, 368.0, 372.0, 368.0, 368.0, 380.0, 364.0, 368.0, 376.0, 368.0, 368.0, 368.0, 368.0, 372.0, 376.0, 360.0, 372.0, 372.0, 364.0, 368.0, 368.0, 372.0, 364.0, 368.0, 368.0, 368.0, 364.0, 364.0, 364.0, 368.0, 368.0, 364.0, 364.0, 364.0, 368.0, 364.0, 368.0, 360.0, 364.0, 368.0, 364.0, 364.0, 364.0, 364.0]",0,1,0,Mid_vt,1
14,185,"[356.0, 356.0, 360.0, 352.0, 360.0, 356.0, 356.0, 356.0, 352.0, 352.0, 356.0, 360.0, 352.0, 352.0, 360.0, 352.0, 360.0, 356.0, 352.0, 360.0, 356.0, 352.0, 356.0, 352.0, 352.0, 356.0, 356.0, 356.0, 352.0, 356.0, 360.0, 352.0, 356.0, 352.0, 356.0, 352.0, 356.0, 352.0, 352.0, 352.0, 352.0, 356.0, 348.0, 352.0, 356.0, 352.0, 352.0, 356.0, 348.0, 352.0, 356.0, 344.0, 356.0, 348.0, 356.0, 348.0, 348.0, 348.0, 356.0, 356.0, 348.0, 348.0, 352.0, 348.0, 352.0, 352.0, 348.0, 348.0, 356.0, 348.0, 348.0, 352.0, 352.0, 348.0, 348.0, 356.0, 348.0, 352.0, 348.0, 352.0, 348.0, 348.0, 356.0, 348.0, 352.0, 348.0, 356.0, 348.0, 352.0, 344.0, 356.0, 348.0, 352.0, 348.0, 356.0, 348.0, 352.0, 352.0, 352.0, 348.0]",0,0,1,Supra_vt2,1
14,185,"[356.0, 344.0, 356.0, 348.0, 356.0, 348.0, 348.0, 348.0, 356.0, 356.0, 348.0, 348.0, 352.0, 348.0, 352.0, 352.0, 348.0, 348.0, 356.0, 348.0, 348.0, 352.0, 352.0, 348.0, 348.0, 356.0, 348.0, 352.0, 348.0, 352.0, 348.0, 348.0, 356.0, 348.0, 352.0, 348.0, 356.0, 348.0, 352.0, 344.0, 356.0, 348.0, 352.0, 348.0, 356.0, 348.0, 352.0, 352.0, 352.0, 348.0, 348.0, 348.0, 352.0, 352.0, 348.0, 352.0, 352.0, 348.0, 356.0, 344.0, 352.0, 352.0, 352.0, 348.0, 356.0, 344.0, 348.0, 352.0, 348.0, 352.0, 348.0, 348.0, 348.0, 348.0, 352.0, 348.0, 352.0, 348.0, 352.0, 348.0, 352.0, 348.0, 352.0, 352.0, 348.0, 348.0, 352.0, 348.0, 324.0, 376.0, 352.0, 348.0, 348.0, 348.0, 348.0, 348.0, 348.0, 348.0, 352.0, 344.0]",0,0,1,Supra_vt2,1
14,200,"[332.0, 344.0, 340.0, 344.0, 340.0, 344.0, 340.0, 340.0, 336.0, 340.0, 344.0, 340.0, 344.0, 340.0, 336.0, 340.0, 340.0, 340.0, 340.0, 344.0, 336.0, 340.0, 340.0, 340.0, 340.0, 340.0, 344.0, 332.0, 344.0, 340.0, 336.0, 340.0, 344.0, 340.0, 336.0, 344.0, 336.0, 344.0, 336.0, 340.0, 336.0, 340.0, 340.0, 336.0, 340.0, 336.0, 340.0, 336.0, 340.0, 336.0, 336.0, 340.0, 336.0, 332.0, 340.0, 336.0, 336.0, 336.0, 336.0, 332.0, 336.0, 336.0, 336.0, 332.0, 336.0, 336.0, 336.0, 328.0, 336.0, 332.0, 332.0, 332.0, 332.0, 336.0, 332.0, 332.0, 336.0, 328.0, 340.0, 328.0, 332.0, 328.0, 336.0, 332.0, 336.0, 328.0, 336.0, 332.0, 332.0, 328.0, 332.0, 312.0, 352.0, 336.0, 332.0, 328.0, 332.0, 336.0, 328.0, 328.0]",0,0,1,Supra_vt2,1
14,200,"[336.0, 340.0, 336.0, 332.0, 340.0, 336.0, 336.0, 336.0, 336.0, 332.0, 336.0, 336.0, 336.0, 332.0, 336.0, 336.0, 336.0, 328.0, 336.0, 332.0, 332.0, 332.0, 332.0, 336.0, 332.0, 332.0, 336.0, 328.0, 340.0, 328.0, 332.0, 328.0, 336.0, 332.0, 336.0, 328.0, 336.0, 332.0, 332.0, 328.0, 332.0, 312.0, 352.0, 336.0, 332.0, 328.0, 332.0, 336.0, 328.0, 328.0, 332.0, 332.0, 332.0, 328.0, 336.0, 332.0, 328.0, 328.0, 332.0, 328.0, 336.0, 328.0, 328.0, 332.0, 328.0, 336.0, 328.0, 328.0, 328.0, 336.0, 328.0, 328.0, 328.0, 332.0, 328.0, 332.0, 328.0, 332.0, 328.0, 332.0, 328.0, 328.0, 328.0, 332.0, 332.0, 332.0, 332.0, 332.0, 332.0, 332.0, 328.0, 332.0, 332.0, 332.0, 332.0, 328.0, 328.0, 332.0, 328.0, 332.0]",0,0,1,Supra_vt2,1
14,215,"[320.0, 328.0, 324.0, 324.0, 328.0, 324.0, 324.0, 324.0, 328.0, 328.0, 324.0, 320.0, 328.0, 324.0, 324.0, 324.0, 320.0, 328.0, 324.0, 320.0, 328.0, 320.0, 324.0, 324.0, 324.0, 324.0, 320.0, 328.0, 320.0, 328.0, 320.0, 324.0, 324.0, 324.0, 316.0, 324.0, 320.0, 328.0, 328.0, 320.0, 324.0, 324.0, 324.0, 324.0, 324.0, 320.0, 320.0, 328.0, 324.0, 320.0, 324.0, 324.0, 320.0, 328.0, 316.0, 324.0, 324.0, 320.0, 324.0, 320.0, 324.0, 324.0, 320.0, 324.0, 320.0, 320.0, 320.0, 324.0, 320.0, 324.0, 320.0, 324.0, 324.0, 316.0, 320.0, 320.0, 320.0, 320.0, 324.0, 316.0, 324.0, 320.0, 324.0, 316.0, 324.0, 324.0, 316.0, 320.0, 324.0, 320.0, 324.0, 320.0, 316.0, 324.0, 316.0, 328.0, 320.0, 320.0, 320.0, 324.0]",0,0,1,Supra_vt2,1
14,215,"[324.0, 324.0, 320.0, 328.0, 316.0, 324.0, 324.0, 320.0, 324.0, 320.0, 324.0, 324.0, 320.0, 324.0, 320.0, 320.0, 320.0, 324.0, 320.0, 324.0, 320.0, 324.0, 324.0, 316.0, 320.0, 320.0, 320.0, 320.0, 324.0, 316.0, 324.0, 320.0, 324.0, 316.0, 324.0, 324.0, 316.0, 320.0, 324.0, 320.0, 324.0, 320.0, 316.0, 324.0, 316.0, 328.0, 320.0, 320.0, 320.0, 324.0, 320.0, 320.0, 324.0, 316.0, 324.0, 328.0, 320.0, 320.0, 324.0, 324.0, 316.0, 324.0, 320.0, 320.0, 324.0, 324.0, 320.0, 320.0, 316.0, 324.0, 320.0, 324.0, 316.0, 324.0, 324.0, 316.0, 320.0, 320.0, 328.0, 320.0, 312.0, 324.0, 324.0, 312.0, 324.0, 320.0, 320.0, 320.0, 316.0, 320.0, 320.0, 324.0, 320.0, 320.0, 316.0, 324.0, 320.0, 320.0, 316.0, 316.0]",0,0,1,Supra_vt2,1
15,50,"[704.0, 692.0, 680.0, 668.0, 664.0, 648.0, 628.0, 612.0, 620.0, 600.0, 608.0, 596.0, 592.0, 588.0, 580.0, 580.0, 568.0, 568.0, 572.0, 572.0, 572.0, 568.0, 576.0, 580.0, 580.0, 576.0, 572.0, 568.0, 560.0, 588.0, 572.0, 560.0, 556.0, 556.0, 552.0, 556.0, 556.0, 560.0, 544.0, 552.0, 548.0, 552.0, 552.0, 548.0, 564.0, 560.0, 560.0, 560.0, 572.0, 572.0, 572.0, 560.0, 564.0, 552.0, 552.0, 548.0, 548.0, 548.0, 548.0, 540.0, 552.0, 552.0, 556.0, 544.0, 564.0, 556.0, 548.0, 544.0, 544.0, 540.0, 540.0, 536.0, 528.0, 532.0, 524.0, 520.0, 524.0, 524.0, 516.0, 516.0, 508.0, 508.0, 504.0, 504.0, 500.0, 500.0, 508.0, 508.0, 516.0, 516.0, 516.0, 504.0, 500.0, 504.0, 508.0, 516.0, 524.0, 520.0, 516.0, 516.0]",1,0,0,Sub_vt1,0
15,50,"[572.0, 560.0, 564.0, 552.0, 552.0, 548.0, 548.0, 548.0, 548.0, 540.0, 552.0, 552.0, 556.0, 544.0, 564.0, 556.0, 548.0, 544.0, 544.0, 540.0, 540.0, 536.0, 528.0, 532.0, 524.0, 520.0, 524.0, 524.0, 516.0, 516.0, 508.0, 508.0, 504.0, 504.0, 500.0, 500.0, 508.0, 508.0, 516.0, 516.0, 516.0, 504.0, 500.0, 504.0, 508.0, 516.0, 524.0, 520.0, 516.0, 516.0, 516.0, 524.0, 524.0, 524.0, 524.0, 528.0, 564.0, 560.0, 560.0, 540.0, 548.0, 552.0, 540.0, 548.0, 560.0, 560.0, 544.0, 544.0, 544.0, 532.0, 528.0, 528.0, 536.0, 528.0, 528.0, 544.0, 556.0, 556.0, 568.0, 600.0, 588.0, 568.0, 576.0, 572.0, 556.0, 544.0, 548.0, 544.0, 536.0, 528.0, 520.0, 520.0, 524.0, 520.0, 520.0, 528.0, 524.0, 524.0, 524.0, 522.0]",1,0,0,Sub_vt1,0
15,50,"[516.0, 524.0, 524.0, 524.0, 524.0, 528.0, 564.0, 560.0, 560.0, 540.0, 548.0, 552.0, 540.0, 548.0, 560.0, 560.0, 544.0, 544.0, 544.0, 532.0, 528.0, 528.0, 536.0, 528.0, 528.0, 544.0, 556.0, 556.0, 568.0, 600.0, 588.0, 568.0, 576.0, 572.0, 556.0, 544.0, 548.0, 544.0, 536.0, 528.0, 520.0, 520.0, 524.0, 520.0, 520.0, 528.0, 524.0, 524.0, 524.0, 522.0, 572.0, 548.0, 528.0, 520.0, 512.0, 520.0, 520.0, 532.0, 520.0, 520.0, 540.0, 592.0, 584.0, 568.0, 544.0, 540.0, 548.0, 540.0, 528.0, 536.0, 544.0, 528.0, 540.0, 540.0, 532.0, 524.0, 520.0, 524.0, 528.0, 520.0, 512.0, 524.0, 524.0, 516.0, 524.0, 540.0, 528.0, 524.0, 524.0, 516.0, 516.0, 508.0, 516.0, 516.0, 516.0, 516.0, 528.0, 532.0, 540.0, 528.0]",1,0,0,Sub_vt1,0
15,50,"[572.0, 548.0, 528.0, 520.0, 512.0, 520.0, 520.0, 532.0, 520.0, 520.0, 540.0, 592.0, 584.0, 568.0, 544.0, 540.0, 548.0, 540.0, 528.0, 536.0, 544.0, 528.0, 540.0, 540.0, 532.0, 524.0, 520.0, 524.0, 528.0, 520.0, 512.0, 524.0, 524.0, 516.0, 524.0, 540.0, 528.0, 524.0, 524.0, 516.0, 516.0, 508.0, 516.0, 516.0, 516.0, 516.0, 528.0, 532.0, 540.0, 528.0, 520.0, 512.0, 516.0, 524.0, 512.0, 504.0, 520.0, 512.0, 508.0, 512.0, 516.0, 516.0, 504.0, 512.0, 512.0, 508.0, 516.0, 524.0, 516.0, 512.0, 528.0, 524.0, 512.0, 512.0, 516.0, 508.0, 508.0, 504.0, 528.0, 544.0, 528.0, 512.0, 524.0, 512.0, 512.0, 512.0, 520.0, 520.0, 508.0, 512.0, 504.0, 496.0, 488.0, 488.0, 480.0, 476.0, 476.0, 480.0, 484.0, 496.0]",1,0,0,Sub_vt1,0
15,50,"[520.0, 512.0, 516.0, 524.0, 512.0, 504.0, 520.0, 512.0, 508.0, 512.0, 516.0, 516.0, 504.0, 512.0, 512.0, 508.0, 516.0, 524.0, 516.0, 512.0, 528.0, 524.0, 512.0, 512.0, 516.0, 508.0, 508.0, 504.0, 528.0, 544.0, 528.0, 512.0, 524.0, 512.0, 512.0, 512.0, 520.0, 520.0, 508.0, 512.0, 504.0, 496.0, 488.0, 488.0, 480.0, 476.0, 476.0, 480.0, 484.0, 496.0, 512.0, 516.0, 512.0, 520.0, 540.0, 544.0, 532.0, 544.0, 552.0, 552.0, 540.0, 548.0, 536.0, 524.0, 532.0, 528.0, 520.0, 544.0, 560.0, 540.0, 564.0, 568.0, 552.0, 572.0, 572.0, 552.0, 552.0, 552.0, 536.0, 528.0, 536.0, 532.0, 520.0, 528.0, 520.0, 516.0, 520.0, 516.0, 516.0, 516.0, 508.0, 548.0, 552.0, 532.0, 536.0, 544.0, 532.0, 524.0, 528.0, 528.0]",1,0,0,Sub_vt1,0
15,65,"[536.0, 548.0, 548.0, 580.0, 544.0, 540.0, 544.0, 548.0, 532.0, 528.0, 532.0, 516.0, 524.0, 524.0, 516.0, 508.0, 512.0, 512.0, 508.0, 504.0, 500.0, 508.0, 508.0, 504.0, 500.0, 504.0, 512.0, 512.0, 500.0, 504.0, 524.0, 520.0, 512.0, 512.0, 512.0, 512.0, 504.0, 500.0, 500.0, 492.0, 484.0, 492.0, 492.0, 496.0, 488.0, 488.0, 484.0, 512.0, 528.0, 516.0, 512.0, 508.0, 512.0, 508.0, 496.0, 500.0, 492.0, 488.0, 496.0, 504.0, 504.0, 512.0, 520.0, 528.0, 520.0, 532.0, 528.0, 516.0, 516.0, 512.0, 504.0, 496.0, 500.0, 496.0, 488.0, 484.0, 480.0, 480.0, 484.0, 496.0, 504.0, 504.0, 508.0, 500.0, 492.0, 488.0, 496.0, 508.0, 528.0, 524.0, 508.0, 504.0, 492.0, 500.0, 496.0, 488.0, 508.0, 504.0, 496.0, 512.0]",1,0,0,Sub_vt1,0
15,80,"[496.0, 496.0, 484.0, 488.0, 492.0, 488.0, 488.0, 484.0, 496.0, 500.0, 500.0, 500.0, 500.0, 540.0, 520.0, 508.0, 496.0, 492.0, 488.0, 476.0, 480.0, 480.0, 480.0, 476.0, 484.0, 484.0, 476.0, 484.0, 492.0, 484.0, 480.0, 484.0, 484.0, 480.0, 480.0, 480.0, 476.0, 484.0, 484.0, 480.0, 480.0, 480.0, 484.0, 492.0, 488.0, 488.0, 484.0, 476.0, 476.0, 468.0, 460.0, 460.0, 468.0, 472.0, 472.0, 472.0, 468.0, 468.0, 464.0, 480.0, 480.0, 476.0, 476.0, 468.0, 468.0, 468.0, 464.0, 460.0, 464.0, 464.0, 456.0, 460.0, 460.0, 460.0, 464.0, 464.0, 468.0, 464.0, 464.0, 480.0, 476.0, 476.0, 476.0, 472.0, 504.0, 508.0, 496.0, 488.0, 484.0, 476.0, 472.0, 460.0, 464.0, 460.0, 460.0, 452.0, 456.0, 452.0, 448.0, 456.0]",1,0,0,Sub_vt1,0
15,95,"[476.0, 476.0, 464.0, 468.0, 468.0, 464.0, 460.0, 464.0, 468.0, 464.0, 464.0, 468.0, 468.0, 464.0, 464.0, 468.0, 464.0, 460.0, 460.0, 464.0, 464.0, 464.0, 464.0, 464.0, 468.0, 476.0, 472.0, 468.0, 468.0, 464.0, 464.0, 472.0, 484.0, 472.0, 476.0, 468.0, 464.0, 456.0, 460.0, 472.0, 468.0, 472.0, 468.0, 472.0, 500.0, 496.0, 480.0, 492.0, 496.0, 484.0, 488.0, 484.0, 480.0, 476.0, 476.0, 496.0, 496.0, 492.0, 480.0, 476.0, 472.0, 464.0, 456.0, 456.0, 448.0, 452.0, 456.0, 460.0, 468.0, 476.0, 472.0, 464.0, 464.0, 464.0, 452.0, 452.0, 452.0, 452.0, 448.0, 456.0, 456.0, 448.0, 456.0, 464.0, 456.0, 456.0, 472.0, 468.0, 456.0, 468.0, 468.0, 468.0, 468.0, 468.0, 468.0, 456.0, 460.0, 452.0, 448.0, 444.0]",1,0,0,Sub_vt1,0
15,110,"[424.0, 428.0, 420.0, 428.0, 424.0, 424.0, 420.0, 424.0, 424.0, 420.0, 420.0, 424.0, 424.0, 424.0, 424.0, 428.0, 428.0, 428.0, 428.0, 428.0, 436.0, 436.0, 436.0, 432.0, 428.0, 428.0, 428.0, 428.0, 424.0, 420.0, 420.0, 416.0, 420.0, 416.0, 416.0, 416.0, 420.0, 428.0, 436.0, 432.0, 432.0, 436.0, 436.0, 444.0, 436.0, 436.0, 436.0, 432.0, 436.0, 432.0, 428.0, 432.0, 432.0, 432.0, 424.0, 428.0, 424.0, 428.0, 424.0, 428.0, 420.0, 424.0, 428.0, 424.0, 420.0, 420.0, 420.0, 424.0, 424.0, 424.0, 420.0, 420.0, 420.0, 420.0, 420.0, 416.0, 420.0, 412.0, 420.0, 420.0, 420.0, 412.0, 416.0, 416.0, 412.0, 416.0, 412.0, 408.0, 412.0, 412.0, 412.0, 412.0, 408.0, 412.0, 416.0, 416.0, 416.0, 412.0, 416.0, 416.0]",1,0,0,Sub_vt1,0
15,140,"[384.0, 384.0, 380.0, 384.0, 384.0, 380.0, 380.0, 384.0, 384.0, 380.0, 380.0, 380.0, 384.0, 380.0, 376.0, 380.0, 384.0, 380.0, 376.0, 384.0, 380.0, 380.0, 376.0, 384.0, 380.0, 376.0, 380.0, 380.0, 384.0, 380.0, 376.0, 380.0, 380.0, 384.0, 376.0, 380.0, 380.0, 380.0, 380.0, 380.0, 380.0, 376.0, 380.0, 380.0, 380.0, 380.0, 380.0, 376.0, 380.0, 380.0, 376.0, 376.0, 380.0, 376.0, 380.0, 380.0, 376.0, 380.0, 380.0, 380.0, 376.0, 380.0, 376.0, 380.0, 380.0, 376.0, 376.0, 380.0, 376.0, 380.0, 372.0, 376.0, 372.0, 376.0, 376.0, 376.0, 372.0, 376.0, 372.0, 380.0, 372.0, 376.0, 372.0, 376.0, 372.0, 376.0, 372.0, 376.0, 376.0, 376.0, 372.0, 372.0, 376.0, 372.0, 372.0, 372.0, 372.0, 372.0, 376.0, 372.0]",0,1,0,Mid_vt,1
15,140,"[376.0, 376.0, 380.0, 376.0, 380.0, 380.0, 376.0, 380.0, 380.0, 380.0, 376.0, 380.0, 376.0, 380.0, 380.0, 376.0, 376.0, 380.0, 376.0, 380.0, 372.0, 376.0, 372.0, 376.0, 376.0, 376.0, 372.0, 376.0, 372.0, 380.0, 372.0, 376.0, 372.0, 376.0, 372.0, 376.0, 372.0, 376.0, 376.0, 376.0, 372.0, 372.0, 376.0, 372.0, 372.0, 372.0, 372.0, 372.0, 376.0, 372.0, 372.0, 372.0, 304.0, 432.0, 384.0, 376.0, 376.0, 376.0, 376.0, 380.0, 376.0, 372.0, 376.0, 376.0, 372.0, 372.0, 372.0, 376.0, 372.0, 368.0, 372.0, 372.0, 372.0, 372.0, 372.0, 372.0, 376.0, 372.0, 368.0, 372.0, 376.0, 372.0, 372.0, 372.0, 372.0, 372.0, 372.0, 368.0, 372.0, 372.0, 372.0, 372.0, 368.0, 368.0, 372.0, 368.0, 368.0, 368.0, 368.0, 372.0]",0,1,0,Mid_vt,1
15,185,"[336.0, 336.0, 336.0, 340.0, 336.0, 336.0, 332.0, 340.0, 336.0, 336.0, 336.0, 336.0, 336.0, 336.0, 332.0, 336.0, 336.0, 332.0, 332.0, 336.0, 336.0, 332.0, 332.0, 336.0, 336.0, 332.0, 328.0, 332.0, 336.0, 336.0, 332.0, 328.0, 332.0, 336.0, 332.0, 332.0, 332.0, 336.0, 332.0, 332.0, 332.0, 332.0, 332.0, 332.0, 328.0, 336.0, 332.0, 332.0, 332.0, 332.0, 336.0, 328.0, 332.0, 336.0, 332.0, 328.0, 332.0, 332.0, 332.0, 332.0, 332.0, 332.0, 332.0, 328.0, 332.0, 332.0, 332.0, 328.0, 328.0, 332.0, 328.0, 328.0, 332.0, 328.0, 328.0, 332.0, 332.0, 328.0, 324.0, 328.0, 332.0, 332.0, 328.0, 328.0, 332.0, 328.0, 328.0, 328.0, 332.0, 332.0, 328.0, 328.0, 332.0, 328.0, 328.0, 328.0, 328.0, 332.0, 324.0, 332.0]",0,0,1,Supra_vt2,1
15,185,"[336.0, 328.0, 332.0, 336.0, 332.0, 328.0, 332.0, 332.0, 332.0, 332.0, 332.0, 332.0, 332.0, 328.0, 332.0, 332.0, 332.0, 328.0, 328.0, 332.0, 328.0, 328.0, 332.0, 328.0, 328.0, 332.0, 332.0, 328.0, 324.0, 328.0, 332.0, 332.0, 328.0, 328.0, 332.0, 328.0, 328.0, 328.0, 332.0, 332.0, 328.0, 328.0, 332.0, 328.0, 328.0, 328.0, 328.0, 332.0, 324.0, 332.0, 324.0, 328.0, 332.0, 328.0, 328.0, 328.0, 332.0, 328.0, 324.0, 332.0, 324.0, 328.0, 332.0, 300.0, 352.0, 328.0, 332.0, 328.0, 328.0, 324.0, 332.0, 328.0, 328.0, 328.0, 328.0, 328.0, 328.0, 328.0, 332.0, 328.0, 324.0, 328.0, 332.0, 328.0, 324.0, 328.0, 328.0, 328.0, 328.0, 328.0, 324.0, 328.0, 324.0, 332.0, 324.0, 328.0, 332.0, 328.0, 324.0, 328.0]",0,0,1,Supra_vt2,1
15,200,"[324.0, 324.0, 324.0, 304.0, 344.0, 324.0, 324.0, 324.0, 320.0, 328.0, 324.0, 320.0, 328.0, 324.0, 324.0, 324.0, 324.0, 320.0, 328.0, 324.0, 320.0, 328.0, 324.0, 324.0, 324.0, 324.0, 324.0, 324.0, 324.0, 324.0, 324.0, 316.0, 324.0, 324.0, 324.0, 320.0, 320.0, 328.0, 324.0, 320.0, 324.0, 292.0, 356.0, 324.0, 320.0, 324.0, 320.0, 324.0, 320.0, 320.0, 324.0, 320.0, 324.0, 320.0, 320.0, 324.0, 324.0, 320.0, 324.0, 320.0, 324.0, 320.0, 320.0, 324.0, 316.0, 320.0, 324.0, 320.0, 324.0, 320.0, 320.0, 320.0, 320.0, 320.0, 320.0, 320.0, 320.0, 316.0, 320.0, 320.0, 320.0, 316.0, 320.0, 320.0, 316.0, 320.0, 316.0, 320.0, 320.0, 316.0, 320.0, 316.0, 316.0, 316.0, 316.0, 316.0, 316.0, 316.0, 320.0, 316.0]",0,0,1,Supra_vt2,1
15,200,"[324.0, 320.0, 324.0, 320.0, 320.0, 324.0, 324.0, 320.0, 324.0, 320.0, 324.0, 320.0, 320.0, 324.0, 316.0, 320.0, 324.0, 320.0, 324.0, 320.0, 320.0, 320.0, 320.0, 320.0, 320.0, 320.0, 320.0, 316.0, 320.0, 320.0, 320.0, 316.0, 320.0, 320.0, 316.0, 320.0, 316.0, 320.0, 320.0, 316.0, 320.0, 316.0, 316.0, 316.0, 316.0, 316.0, 316.0, 316.0, 320.0, 316.0, 312.0, 320.0, 316.0, 312.0, 320.0, 312.0, 316.0, 316.0, 316.0, 316.0, 312.0, 316.0, 316.0, 320.0, 312.0, 316.0, 320.0, 316.0, 312.0, 316.0, 316.0, 312.0, 320.0, 316.0, 312.0, 316.0, 316.0, 312.0, 316.0, 312.0, 316.0, 312.0, 316.0, 316.0, 312.0, 312.0, 312.0, 316.0, 316.0, 312.0, 320.0, 308.0, 312.0, 316.0, 316.0, 312.0, 316.0, 316.0, 312.0, 308.0]",0,0,1,Supra_vt2,1
16,50,"[620.0, 604.0, 616.0, 632.0, 600.0, 584.0, 608.0, 688.0, 696.0, 692.0, 636.0, 628.0, 620.0, 616.0, 600.0, 596.0, 588.0, 596.0, 620.0, 660.0, 672.0, 692.0, 652.0, 616.0, 596.0, 588.0, 584.0, 612.0, 616.0, 616.0, 612.0, 588.0, 580.0, 568.0, 584.0, 612.0, 608.0, 588.0, 572.0, 556.0, 552.0, 556.0, 576.0, 612.0, 660.0, 692.0, 708.0, 676.0, 660.0, 632.0, 604.0, 588.0, 576.0, 596.0, 636.0, 624.0, 596.0, 604.0, 608.0, 636.0, 640.0, 636.0, 660.0, 648.0, 652.0, 648.0, 616.0, 608.0, 608.0, 612.0, 636.0, 648.0, 676.0, 648.0, 562.0, 484.0, 496.0, 492.0, 496.0, 508.0, 512.0, 516.0, 512.0, 508.0, 508.0, 516.0, 524.0, 520.0, 516.0, 516.0, 528.0, 536.0, 552.0, 536.0, 532.0, 520.0, 516.0, 504.0, 504.0, 496.0]",1,0,0,Sub_vt1,0
16,50,"[604.0, 588.0, 576.0, 596.0, 636.0, 624.0, 596.0, 604.0, 608.0, 636.0, 640.0, 636.0, 660.0, 648.0, 652.0, 648.0, 616.0, 608.0, 608.0, 612.0, 636.0, 648.0, 676.0, 648.0, 562.0, 484.0, 496.0, 492.0, 496.0, 508.0, 512.0, 516.0, 512.0, 508.0, 508.0, 516.0, 524.0, 520.0, 516.0, 516.0, 528.0, 536.0, 552.0, 536.0, 532.0, 520.0, 516.0, 504.0, 504.0, 496.0, 496.0, 492.0, 496.0, 500.0, 504.0, 516.0, 512.0, 504.0, 500.0, 500.0, 496.0, 492.0, 500.0, 508.0, 512.0, 512.0, 500.0, 504.0, 512.0, 532.0, 552.0, 564.0, 552.0, 536.0, 528.0, 528.0, 536.0, 544.0, 544.0, 532.0, 520.0, 504.0, 512.0, 536.0, 544.0, 544.0, 544.0, 532.0, 524.0, 508.0, 500.0, 496.0, 496.0, 496.0, 496.0, 488.0, 492.0, 488.0, 492.0, 492.0]",1,0,0,Sub_vt1,0
16,50,"[496.0, 492.0, 496.0, 500.0, 504.0, 516.0, 512.0, 504.0, 500.0, 500.0, 496.0, 492.0, 500.0, 508.0, 512.0, 512.0, 500.0, 504.0, 512.0, 532.0, 552.0, 564.0, 552.0, 536.0, 528.0, 528.0, 536.0, 544.0, 544.0, 532.0, 520.0, 504.0, 512.0, 536.0, 544.0, 544.0, 544.0, 532.0, 524.0, 508.0, 500.0, 496.0, 496.0, 496.0, 496.0, 488.0, 492.0, 488.0, 492.0, 492.0, 500.0, 504.0, 500.0, 484.0, 496.0, 504.0, 508.0, 512.0, 508.0, 504.0, 500.0, 500.0, 512.0, 536.0, 544.0, 536.0, 520.0, 520.0, 520.0, 520.0, 520.0, 504.0, 496.0, 496.0, 504.0, 496.0, 504.0, 508.0, 512.0, 504.0, 484.0, 500.0, 496.0, 500.0, 508.0, 504.0, 480.0, 484.0, 480.0, 472.0, 484.0, 468.0, 468.0, 468.0, 456.0, 456.0, 456.0, 456.0, 468.0, 464.0]",1,0,0,Sub_vt1,0
16,50,"[500.0, 504.0, 500.0, 484.0, 496.0, 504.0, 508.0, 512.0, 508.0, 504.0, 500.0, 500.0, 512.0, 536.0, 544.0, 536.0, 520.0, 520.0, 520.0, 520.0, 520.0, 504.0, 496.0, 496.0, 504.0, 496.0, 504.0, 508.0, 512.0, 504.0, 484.0, 500.0, 496.0, 500.0, 508.0, 504.0, 480.0, 484.0, 480.0, 472.0, 484.0, 468.0, 468.0, 468.0, 456.0, 456.0, 456.0, 456.0, 468.0, 464.0, 472.0, 476.0, 480.0, 472.0, 468.0, 464.0, 468.0, 472.0, 476.0, 472.0, 468.0, 472.0, 472.0, 480.0, 484.0, 476.0, 468.0, 464.0, 464.0, 468.0, 476.0, 480.0, 492.0, 492.0, 480.0, 480.0, 484.0, 492.0, 500.0, 504.0, 500.0, 492.0, 488.0, 496.0, 500.0, 508.0, 516.0, 500.0, 492.0, 480.0, 488.0, 488.0, 484.0, 492.0, 492.0, 480.0, 476.0, 480.0, 484.0, 484.0]",1,0,0,Sub_vt1,0
16,95,"[444.0, 444.0, 448.0, 452.0, 448.0, 448.0, 448.0, 440.0, 440.0, 448.0, 448.0, 456.0, 456.0, 452.0, 452.0, 448.0, 452.0, 452.0, 456.0, 456.0, 452.0, 448.0, 444.0, 440.0, 440.0, 436.0, 436.0, 432.0, 432.0, 432.0, 428.0, 432.0, 432.0, 436.0, 432.0, 436.0, 432.0, 428.0, 436.0, 436.0, 440.0, 444.0, 444.0, 440.0, 444.0, 444.0, 448.0, 448.0, 444.0, 444.0, 444.0, 448.0, 444.0, 440.0, 436.0, 440.0, 444.0, 452.0, 456.0, 452.0, 452.0, 452.0, 456.0, 460.0, 452.0, 452.0, 448.0, 448.0, 460.0, 464.0, 460.0, 460.0, 456.0, 452.0, 448.0, 444.0, 444.0, 444.0, 440.0, 440.0, 436.0, 440.0, 440.0, 448.0, 448.0, 440.0, 440.0, 440.0, 436.0, 440.0, 448.0, 440.0, 436.0, 448.0, 452.0, 460.0, 456.0, 456.0, 456.0, 464.0]",0,1,0,Mid_vt,1
16,110,"[436.0, 444.0, 440.0, 444.0, 440.0, 436.0, 436.0, 428.0, 428.0, 432.0, 428.0, 428.0, 428.0, 424.0, 424.0, 424.0, 428.0, 432.0, 428.0, 424.0, 432.0, 428.0, 436.0, 432.0, 432.0, 428.0, 432.0, 432.0, 436.0, 432.0, 428.0, 432.0, 432.0, 436.0, 436.0, 432.0, 436.0, 432.0, 436.0, 440.0, 440.0, 444.0, 440.0, 436.0, 436.0, 428.0, 428.0, 424.0, 432.0, 432.0, 440.0, 448.0, 448.0, 448.0, 444.0, 448.0, 452.0, 452.0, 444.0, 444.0, 436.0, 432.0, 428.0, 432.0, 424.0, 428.0, 436.0, 436.0, 444.0, 436.0, 440.0, 436.0, 436.0, 436.0, 432.0, 428.0, 424.0, 428.0, 428.0, 424.0, 428.0, 424.0, 424.0, 424.0, 424.0, 420.0, 428.0, 420.0, 420.0, 420.0, 420.0, 420.0, 420.0, 412.0, 420.0, 420.0, 420.0, 416.0, 420.0, 416.0]",0,1,0,Mid_vt,1
16,125,"[424.0, 424.0, 420.0, 420.0, 420.0, 420.0, 424.0, 424.0, 420.0, 424.0, 424.0, 428.0, 428.0, 428.0, 428.0, 428.0, 432.0, 432.0, 432.0, 428.0, 424.0, 424.0, 420.0, 424.0, 424.0, 420.0, 416.0, 416.0, 420.0, 416.0, 416.0, 420.0, 412.0, 420.0, 420.0, 420.0, 416.0, 416.0, 416.0, 416.0, 416.0, 416.0, 412.0, 412.0, 412.0, 408.0, 412.0, 408.0, 408.0, 404.0, 404.0, 404.0, 404.0, 404.0, 400.0, 404.0, 404.0, 412.0, 408.0, 412.0, 412.0, 412.0, 416.0, 412.0, 412.0, 416.0, 420.0, 420.0, 416.0, 416.0, 420.0, 420.0, 420.0, 416.0, 420.0, 416.0, 416.0, 416.0, 416.0, 412.0, 412.0, 416.0, 412.0, 412.0, 412.0, 408.0, 408.0, 408.0, 408.0, 404.0, 404.0, 404.0, 408.0, 408.0, 408.0, 412.0, 408.0, 412.0, 412.0, 412.0]",0,1,0,Mid_vt,1
16,140,"[408.0, 408.0, 408.0, 412.0, 408.0, 408.0, 408.0, 408.0, 412.0, 408.0, 408.0, 404.0, 404.0, 404.0, 404.0, 400.0, 400.0, 400.0, 400.0, 392.0, 396.0, 392.0, 392.0, 392.0, 388.0, 388.0, 392.0, 388.0, 388.0, 388.0, 388.0, 384.0, 388.0, 392.0, 388.0, 388.0, 392.0, 392.0, 396.0, 400.0, 396.0, 400.0, 404.0, 400.0, 400.0, 400.0, 400.0, 396.0, 392.0, 388.0, 392.0, 392.0, 396.0, 388.0, 388.0, 392.0, 392.0, 388.0, 392.0, 392.0, 392.0, 388.0, 388.0, 388.0, 392.0, 392.0, 392.0, 392.0, 396.0, 396.0, 396.0, 392.0, 396.0, 400.0, 396.0, 392.0, 392.0, 392.0, 392.0, 392.0, 388.0, 388.0, 388.0, 388.0, 392.0, 388.0, 388.0, 384.0, 392.0, 388.0, 384.0, 388.0, 384.0, 388.0, 384.0, 384.0, 384.0, 384.0, 388.0, 384.0]",0,1,0,Mid_vt,1
16,140,"[392.0, 392.0, 396.0, 388.0, 388.0, 392.0, 392.0, 388.0, 392.0, 392.0, 392.0, 388.0, 388.0, 388.0, 392.0, 392.0, 392.0, 392.0, 396.0, 396.0, 396.0, 392.0, 396.0, 400.0, 396.0, 392.0, 392.0, 392.0, 392.0, 392.0, 388.0, 388.0, 388.0, 388.0, 392.0, 388.0, 388.0, 384.0, 392.0, 388.0, 384.0, 388.0, 384.0, 388.0, 384.0, 384.0, 384.0, 384.0, 388.0, 384.0, 388.0, 380.0, 388.0, 384.0, 384.0, 384.0, 384.0, 380.0, 380.0, 384.0, 380.0, 376.0, 380.0, 380.0, 384.0, 376.0, 380.0, 376.0, 380.0, 376.0, 376.0, 376.0, 376.0, 376.0, 376.0, 376.0, 376.0, 380.0, 376.0, 372.0, 376.0, 376.0, 372.0, 376.0, 376.0, 376.0, 372.0, 376.0, 372.0, 376.0, 372.0, 376.0, 372.0, 372.0, 372.0, 376.0, 376.0, 372.0, 372.0, 376.0]",0,1,0,Mid_vt,1
16,155,"[376.0, 376.0, 372.0, 372.0, 372.0, 376.0, 376.0, 376.0, 372.0, 376.0, 372.0, 376.0, 368.0, 372.0, 372.0, 376.0, 372.0, 368.0, 372.0, 372.0, 372.0, 372.0, 372.0, 372.0, 376.0, 376.0, 376.0, 372.0, 376.0, 376.0, 376.0, 376.0, 372.0, 376.0, 376.0, 376.0, 376.0, 376.0, 376.0, 376.0, 376.0, 380.0, 380.0, 376.0, 380.0, 376.0, 380.0, 380.0, 372.0, 376.0, 372.0, 376.0, 372.0, 376.0, 372.0, 372.0, 372.0, 372.0, 372.0, 372.0, 368.0, 372.0, 372.0, 372.0, 372.0, 372.0, 372.0, 372.0, 372.0, 372.0, 372.0, 368.0, 372.0, 372.0, 372.0, 372.0, 364.0, 372.0, 368.0, 372.0, 372.0, 368.0, 368.0, 372.0, 368.0, 372.0, 376.0, 368.0, 372.0, 372.0, 372.0, 372.0, 372.0, 372.0, 372.0, 372.0, 372.0, 376.0, 368.0, 372.0]",0,1,0,Mid_vt,1
16,155,"[372.0, 376.0, 372.0, 376.0, 372.0, 372.0, 372.0, 372.0, 372.0, 372.0, 368.0, 372.0, 372.0, 372.0, 372.0, 372.0, 372.0, 372.0, 372.0, 372.0, 372.0, 368.0, 372.0, 372.0, 372.0, 372.0, 364.0, 372.0, 368.0, 372.0, 372.0, 368.0, 368.0, 372.0, 368.0, 372.0, 376.0, 368.0, 372.0, 372.0, 372.0, 372.0, 372.0, 372.0, 372.0, 372.0, 372.0, 376.0, 368.0, 372.0, 372.0, 372.0, 372.0, 372.0, 372.0, 372.0, 368.0, 372.0, 372.0, 372.0, 372.0, 372.0, 368.0, 372.0, 376.0, 372.0, 376.0, 376.0, 376.0, 376.0, 376.0, 376.0, 380.0, 380.0, 384.0, 384.0, 384.0, 380.0, 384.0, 388.0, 384.0, 384.0, 384.0, 384.0, 384.0, 388.0, 384.0, 380.0, 380.0, 380.0, 380.0, 376.0, 376.0, 376.0, 380.0, 376.0, 376.0, 376.0, 376.0, 372.0]",0,1,0,Mid_vt,1
16,200,"[348.0, 344.0, 344.0, 344.0, 348.0, 344.0, 352.0, 344.0, 344.0, 344.0, 344.0, 348.0, 344.0, 344.0, 344.0, 348.0, 344.0, 344.0, 344.0, 344.0, 340.0, 344.0, 340.0, 344.0, 340.0, 344.0, 344.0, 340.0, 340.0, 344.0, 344.0, 340.0, 344.0, 340.0, 340.0, 344.0, 344.0, 340.0, 344.0, 340.0, 340.0, 344.0, 340.0, 340.0, 344.0, 340.0, 336.0, 340.0, 344.0, 340.0, 336.0, 344.0, 340.0, 340.0, 340.0, 340.0, 336.0, 344.0, 340.0, 336.0, 340.0, 340.0, 340.0, 340.0, 336.0, 340.0, 340.0, 340.0, 336.0, 340.0, 340.0, 340.0, 336.0, 336.0, 340.0, 340.0, 336.0, 340.0, 336.0, 344.0, 336.0, 340.0, 336.0, 340.0, 340.0, 336.0, 336.0, 340.0, 336.0, 340.0, 340.0, 340.0, 336.0, 340.0, 340.0, 340.0, 340.0, 336.0, 344.0, 340.0]",0,0,1,Supra_vt2,1
16,200,"[336.0, 344.0, 340.0, 340.0, 340.0, 340.0, 336.0, 344.0, 340.0, 336.0, 340.0, 340.0, 340.0, 340.0, 336.0, 340.0, 340.0, 340.0, 336.0, 340.0, 340.0, 340.0, 336.0, 336.0, 340.0, 340.0, 336.0, 340.0, 336.0, 344.0, 336.0, 340.0, 336.0, 340.0, 340.0, 336.0, 336.0, 340.0, 336.0, 340.0, 340.0, 340.0, 336.0, 340.0, 340.0, 340.0, 340.0, 336.0, 344.0, 340.0, 336.0, 340.0, 344.0, 340.0, 340.0, 336.0, 340.0, 340.0, 340.0, 340.0, 336.0, 340.0, 336.0, 340.0, 340.0, 336.0, 340.0, 336.0, 340.0, 336.0, 336.0, 340.0, 336.0, 336.0, 336.0, 340.0, 332.0, 340.0, 332.0, 336.0, 336.0, 336.0, 336.0, 336.0, 332.0, 336.0, 336.0, 336.0, 336.0, 336.0, 336.0, 336.0, 332.0, 336.0, 332.0, 336.0, 336.0, 332.0, 336.0, 336.0]",0,0,1,Supra_vt2,1
16,215,"[336.0, 336.0, 336.0, 336.0, 332.0, 336.0, 336.0, 340.0, 332.0, 336.0, 336.0, 336.0, 340.0, 332.0, 340.0, 336.0, 336.0, 336.0, 336.0, 336.0, 336.0, 332.0, 340.0, 336.0, 336.0, 336.0, 336.0, 336.0, 336.0, 336.0, 336.0, 332.0, 336.0, 336.0, 336.0, 336.0, 340.0, 336.0, 336.0, 336.0, 336.0, 336.0, 340.0, 336.0, 336.0, 340.0, 336.0, 336.0, 336.0, 336.0, 336.0, 336.0, 336.0, 336.0, 340.0, 336.0, 336.0, 336.0, 336.0, 336.0, 336.0, 336.0, 336.0, 336.0, 336.0, 336.0, 336.0, 332.0, 336.0, 340.0, 336.0, 332.0, 336.0, 336.0, 336.0, 336.0, 336.0, 332.0, 340.0, 336.0, 332.0, 340.0, 336.0, 336.0, 336.0, 332.0, 336.0, 340.0, 336.0, 336.0, 336.0, 336.0, 336.0, 336.0, 336.0, 336.0, 336.0, 336.0, 336.0, 336.0]",0,0,1,Supra_vt2,1
16,215,"[336.0, 336.0, 336.0, 336.0, 340.0, 336.0, 336.0, 336.0, 336.0, 336.0, 336.0, 336.0, 336.0, 336.0, 336.0, 336.0, 336.0, 332.0, 336.0, 340.0, 336.0, 332.0, 336.0, 336.0, 336.0, 336.0, 336.0, 332.0, 340.0, 336.0, 332.0, 340.0, 336.0, 336.0, 336.0, 332.0, 336.0, 340.0, 336.0, 336.0, 336.0, 336.0, 336.0, 336.0, 336.0, 336.0, 336.0, 336.0, 336.0, 336.0, 336.0, 336.0, 332.0, 336.0, 332.0, 336.0, 336.0, 336.0, 332.0, 336.0, 336.0, 332.0, 336.0, 332.0, 336.0, 332.0, 336.0, 336.0, 332.0, 336.0, 332.0, 332.0, 336.0, 336.0, 336.0, 332.0, 332.0, 336.0, 332.0, 336.0, 332.0, 332.0, 332.0, 332.0, 332.0, 332.0, 332.0, 328.0, 332.0, 332.0, 332.0, 332.0, 332.0, 328.0, 332.0, 332.0, 332.0, 332.0, 328.0, 332.0]",0,0,1,Supra_vt2,1
16,230,"[332.0, 336.0, 332.0, 336.0, 332.0, 332.0, 332.0, 336.0, 328.0, 332.0, 336.0, 332.0, 332.0, 332.0, 332.0, 328.0, 332.0, 336.0, 332.0, 328.0, 336.0, 332.0, 332.0, 332.0, 332.0, 332.0, 332.0, 332.0, 336.0, 332.0, 332.0, 336.0, 336.0, 332.0, 332.0, 336.0, 336.0, 332.0, 332.0, 336.0, 336.0, 332.0, 336.0, 332.0, 336.0, 332.0, 336.0, 336.0, 332.0, 336.0, 336.0, 332.0, 336.0, 332.0, 336.0, 336.0, 332.0, 336.0, 336.0, 332.0, 340.0, 332.0, 336.0, 336.0, 336.0, 336.0, 336.0, 336.0, 332.0, 336.0, 336.0, 336.0, 332.0, 336.0, 336.0, 336.0, 332.0, 336.0, 336.0, 332.0, 336.0, 336.0, 336.0, 336.0, 332.0, 336.0, 336.0, 336.0, 336.0, 336.0, 336.0, 336.0, 336.0, 340.0, 336.0, 336.0, 336.0, 336.0, 336.0, 336.0]",0,0,1,Supra_vt2,1
16,230,"[336.0, 332.0, 336.0, 332.0, 336.0, 336.0, 332.0, 336.0, 336.0, 332.0, 340.0, 332.0, 336.0, 336.0, 336.0, 336.0, 336.0, 336.0, 332.0, 336.0, 336.0, 336.0, 332.0, 336.0, 336.0, 336.0, 332.0, 336.0, 336.0, 332.0, 336.0, 336.0, 336.0, 336.0, 332.0, 336.0, 336.0, 336.0, 336.0, 336.0, 336.0, 336.0, 336.0, 340.0, 336.0, 336.0, 336.0, 336.0, 336.0, 336.0, 336.0, 340.0, 336.0, 336.0, 336.0, 336.0, 336.0, 336.0, 332.0, 336.0, 336.0, 336.0, 332.0, 336.0, 336.0, 332.0, 336.0, 336.0, 336.0, 332.0, 336.0, 336.0, 336.0, 332.0, 336.0, 336.0, 336.0, 332.0, 340.0, 332.0, 332.0, 336.0, 336.0, 332.0, 336.0, 336.0, 336.0, 332.0, 332.0, 336.0, 336.0, 332.0, 332.0, 336.0, 336.0, 332.0, 332.0, 336.0, 336.0, 332.0]",0,0,1,Supra_vt2,1
17,50,"[542.0, 536.0, 536.0, 620.0, 588.0, 548.0, 536.0, 536.0, 528.0, 520.0, 516.0, 512.0, 508.0, 504.0, 504.0, 500.0, 492.0, 488.0, 488.0, 488.0, 484.0, 480.0, 484.0, 480.0, 488.0, 476.0, 480.0, 476.0, 484.0, 480.0, 480.0, 496.0, 480.0, 496.0, 484.0, 484.0, 484.0, 492.0, 488.0, 476.0, 484.0, 484.0, 480.0, 476.0, 476.0, 476.0, 468.0, 464.0, 472.0, 472.0, 476.0, 468.0, 472.0, 472.0, 480.0, 480.0, 472.0, 456.0, 480.0, 480.0, 488.0, 484.0, 476.0, 468.0, 472.0, 464.0, 464.0, 464.0, 468.0, 468.0, 464.0, 456.0, 456.0, 468.0, 472.0, 464.0, 468.0, 484.0, 492.0, 500.0, 476.0, 484.0, 480.0, 484.0, 472.0, 480.0, 484.0, 480.0, 464.0, 460.0, 480.0, 472.0, 480.0, 480.0, 468.0, 488.0, 484.0, 468.0, 472.0, 468.0]",1,0,0,Sub_vt1,0
17,50,"[476.0, 468.0, 472.0, 472.0, 480.0, 480.0, 472.0, 456.0, 480.0, 480.0, 488.0, 484.0, 476.0, 468.0, 472.0, 464.0, 464.0, 464.0, 468.0, 468.0, 464.0, 456.0, 456.0, 468.0, 472.0, 464.0, 468.0, 484.0, 492.0, 500.0, 476.0, 484.0, 480.0, 484.0, 472.0, 480.0, 484.0, 480.0, 464.0, 460.0, 480.0, 472.0, 480.0, 480.0, 468.0, 488.0, 484.0, 468.0, 472.0, 468.0, 460.0, 452.0, 460.0, 460.0, 460.0, 444.0, 448.0, 452.0, 452.0, 448.0, 452.0, 456.0, 456.0, 448.0, 464.0, 460.0, 448.0, 448.0, 452.0, 468.0, 464.0, 464.0, 452.0, 456.0, 452.0, 448.0, 440.0, 448.0, 448.0, 444.0, 440.0, 444.0, 444.0, 436.0, 436.0, 436.0, 440.0, 432.0, 424.0, 428.0, 444.0, 452.0, 452.0, 440.0, 452.0, 464.0, 456.0, 448.0, 464.0, 460.0]",1,0,0,Sub_vt1,0
17,50,"[460.0, 452.0, 460.0, 460.0, 460.0, 444.0, 448.0, 452.0, 452.0, 448.0, 452.0, 456.0, 456.0, 448.0, 464.0, 460.0, 448.0, 448.0, 452.0, 468.0, 464.0, 464.0, 452.0, 456.0, 452.0, 448.0, 440.0, 448.0, 448.0, 444.0, 440.0, 444.0, 444.0, 436.0, 436.0, 436.0, 440.0, 432.0, 424.0, 428.0, 444.0, 452.0, 452.0, 440.0, 452.0, 464.0, 456.0, 448.0, 464.0, 460.0, 452.0, 448.0, 460.0, 472.0, 456.0, 448.0, 460.0, 464.0, 464.0, 456.0, 480.0, 508.0, 484.0, 468.0, 476.0, 468.0, 460.0, 472.0, 476.0, 456.0, 464.0, 464.0, 456.0, 448.0, 452.0, 460.0, 456.0, 448.0, 452.0, 468.0, 484.0, 464.0, 476.0, 484.0, 480.0, 464.0, 476.0, 468.0, 452.0, 464.0, 464.0, 452.0, 444.0, 460.0, 472.0, 464.0, 464.0, 488.0, 492.0, 480.0]",1,0,0,Sub_vt1,0
17,50,"[452.0, 448.0, 460.0, 472.0, 456.0, 448.0, 460.0, 464.0, 464.0, 456.0, 480.0, 508.0, 484.0, 468.0, 476.0, 468.0, 460.0, 472.0, 476.0, 456.0, 464.0, 464.0, 456.0, 448.0, 452.0, 460.0, 456.0, 448.0, 452.0, 468.0, 484.0, 464.0, 476.0, 484.0, 480.0, 464.0, 476.0, 468.0, 452.0, 464.0, 464.0, 452.0, 444.0, 460.0, 472.0, 464.0, 464.0, 488.0, 492.0, 480.0, 484.0, 484.0, 472.0, 476.0, 472.0, 456.0, 460.0, 460.0, 444.0, 452.0, 456.0, 456.0, 448.0, 456.0, 468.0, 464.0, 460.0, 464.0, 464.0, 452.0, 460.0, 464.0, 452.0, 456.0, 480.0, 460.0, 456.0, 460.0, 460.0, 448.0, 444.0, 448.0, 460.0, 448.0, 452.0, 472.0, 480.0, 484.0, 468.0, 508.0, 504.0, 484.0, 472.0, 488.0, 480.0, 464.0, 456.0, 464.0, 448.0, 444.0]",1,0,0,Sub_vt1,0
17,50,"[484.0, 484.0, 472.0, 476.0, 472.0, 456.0, 460.0, 460.0, 444.0, 452.0, 456.0, 456.0, 448.0, 456.0, 468.0, 464.0, 460.0, 464.0, 464.0, 452.0, 460.0, 464.0, 452.0, 456.0, 480.0, 460.0, 456.0, 460.0, 460.0, 448.0, 444.0, 448.0, 460.0, 448.0, 452.0, 472.0, 480.0, 484.0, 468.0, 508.0, 504.0, 484.0, 472.0, 488.0, 480.0, 464.0, 456.0, 464.0, 448.0, 444.0, 456.0, 460.0, 452.0, 456.0, 484.0, 480.0, 468.0, 488.0, 480.0, 464.0, 472.0, 468.0, 452.0, 452.0, 452.0, 460.0, 452.0, 452.0, 460.0, 452.0, 448.0, 452.0, 456.0, 444.0, 448.0, 452.0, 440.0, 444.0, 452.0, 440.0, 436.0, 448.0, 440.0, 436.0, 436.0, 460.0, 460.0, 452.0, 452.0, 476.0, 480.0, 468.0, 456.0, 468.0, 460.0, 452.0, 448.0, 452.0, 452.0, 440.0]",1,0,0,Sub_vt1,0
17,50,"[456.0, 460.0, 452.0, 456.0, 484.0, 480.0, 468.0, 488.0, 480.0, 464.0, 472.0, 468.0, 452.0, 452.0, 452.0, 460.0, 452.0, 452.0, 460.0, 452.0, 448.0, 452.0, 456.0, 444.0, 448.0, 452.0, 440.0, 444.0, 452.0, 440.0, 436.0, 448.0, 440.0, 436.0, 436.0, 460.0, 460.0, 452.0, 452.0, 476.0, 480.0, 468.0, 456.0, 468.0, 460.0, 452.0, 448.0, 452.0, 452.0, 440.0, 448.0, 452.0, 440.0, 448.0, 460.0, 468.0, 452.0, 464.0, 468.0, 456.0, 460.0, 464.0, 444.0, 452.0, 444.0, 440.0, 436.0, 448.0, 448.0, 440.0, 452.0, 456.0, 448.0, 448.0, 452.0, 456.0, 448.0, 452.0, 460.0, 468.0, 464.0, 452.0, 460.0, 472.0, 476.0, 472.0, 452.0, 456.0, 444.0, 436.0, 424.0, 420.0, 436.0, 432.0, 432.0, 452.0, 464.0, 448.0, 456.0, 468.0]",1,0,0,Sub_vt1,0
17,65,"[444.0, 444.0, 452.0, 432.0, 452.0, 436.0, 440.0, 436.0, 448.0, 448.0, 440.0, 452.0, 448.0, 436.0, 436.0, 448.0, 452.0, 448.0, 444.0, 456.0, 460.0, 440.0, 448.0, 448.0, 440.0, 440.0, 452.0, 452.0, 440.0, 444.0, 456.0, 452.0, 444.0, 456.0, 448.0, 444.0, 436.0, 444.0, 448.0, 452.0, 444.0, 448.0, 460.0, 460.0, 448.0, 460.0, 464.0, 456.0, 452.0, 456.0, 444.0, 440.0, 448.0, 448.0, 448.0, 436.0, 448.0, 444.0, 436.0, 448.0, 448.0, 436.0, 432.0, 444.0, 444.0, 440.0, 432.0, 440.0, 448.0, 432.0, 432.0, 440.0, 444.0, 436.0, 434.0, 432.0, 432.0, 440.0, 432.0, 436.0, 424.0, 424.0, 428.0, 416.0, 416.0, 424.0, 432.0, 408.0, 424.0, 428.0, 424.0, 428.0, 440.0, 432.0, 432.0, 440.0, 452.0, 440.0, 436.0, 444.0]",1,0,0,Sub_vt1,0
17,80,"[424.0, 444.0, 436.0, 428.0, 436.0, 440.0, 436.0, 424.0, 436.0, 432.0, 424.0, 420.0, 424.0, 432.0, 420.0, 416.0, 432.0, 424.0, 416.0, 420.0, 428.0, 420.0, 416.0, 416.0, 432.0, 428.0, 420.0, 412.0, 428.0, 420.0, 412.0, 416.0, 412.0, 404.0, 412.0, 408.0, 400.0, 404.0, 408.0, 400.0, 408.0, 408.0, 400.0, 408.0, 412.0, 412.0, 404.0, 420.0, 416.0, 408.0, 420.0, 420.0, 408.0, 412.0, 412.0, 408.0, 404.0, 408.0, 412.0, 404.0, 400.0, 404.0, 404.0, 396.0, 400.0, 400.0, 400.0, 400.0, 408.0, 408.0, 404.0, 408.0, 412.0, 400.0, 400.0, 412.0, 408.0, 404.0, 404.0, 404.0, 416.0, 408.0, 408.0, 408.0, 412.0, 412.0, 404.0, 408.0, 416.0, 400.0, 408.0, 412.0, 404.0, 404.0, 416.0, 404.0, 404.0, 412.0, 400.0, 396.0]",1,0,0,Sub_vt1,0
17,80,"[420.0, 420.0, 408.0, 412.0, 412.0, 408.0, 404.0, 408.0, 412.0, 404.0, 400.0, 404.0, 404.0, 396.0, 400.0, 400.0, 400.0, 400.0, 408.0, 408.0, 404.0, 408.0, 412.0, 400.0, 400.0, 412.0, 408.0, 404.0, 404.0, 404.0, 416.0, 408.0, 408.0, 408.0, 412.0, 412.0, 404.0, 408.0, 416.0, 400.0, 408.0, 412.0, 404.0, 404.0, 416.0, 404.0, 404.0, 412.0, 400.0, 396.0, 408.0, 400.0, 396.0, 404.0, 400.0, 392.0, 404.0, 400.0, 388.0, 396.0, 396.0, 388.0, 392.0, 396.0, 384.0, 384.0, 396.0, 400.0, 404.0, 392.0, 400.0, 400.0, 392.0, 388.0, 400.0, 392.0, 388.0, 396.0, 392.0, 384.0, 388.0, 392.0, 388.0, 388.0, 400.0, 392.0, 392.0, 392.0, 404.0, 388.0, 392.0, 396.0, 392.0, 384.0, 392.0, 392.0, 380.0, 388.0, 388.0, 384.0]",1,0,0,Sub_vt1,0
17,125,"[352.0, 348.0, 348.0, 348.0, 352.0, 352.0, 344.0, 352.0, 356.0, 348.0, 348.0, 356.0, 356.0, 348.0, 356.0, 356.0, 360.0, 352.0, 356.0, 356.0, 356.0, 352.0, 356.0, 356.0, 352.0, 352.0, 356.0, 360.0, 348.0, 356.0, 356.0, 352.0, 352.0, 352.0, 356.0, 348.0, 352.0, 356.0, 352.0, 348.0, 352.0, 356.0, 344.0, 356.0, 352.0, 348.0, 348.0, 348.0, 352.0, 348.0, 352.0, 352.0, 344.0, 356.0, 352.0, 344.0, 352.0, 348.0, 348.0, 348.0, 352.0, 352.0, 344.0, 356.0, 352.0, 344.0, 348.0, 352.0, 348.0, 344.0, 352.0, 348.0, 348.0, 344.0, 352.0, 344.0, 344.0, 348.0, 348.0, 344.0, 348.0, 348.0, 340.0, 344.0, 352.0, 352.0, 332.0, 348.0, 348.0, 344.0, 344.0, 352.0, 344.0, 344.0, 352.0, 344.0, 348.0, 348.0, 344.0, 344.0]",0,1,0,Mid_vt,1
17,125,"[352.0, 352.0, 344.0, 356.0, 352.0, 344.0, 352.0, 348.0, 348.0, 348.0, 352.0, 352.0, 344.0, 356.0, 352.0, 344.0, 348.0, 352.0, 348.0, 344.0, 352.0, 348.0, 348.0, 344.0, 352.0, 344.0, 344.0, 348.0, 348.0, 344.0, 348.0, 348.0, 340.0, 344.0, 352.0, 352.0, 332.0, 348.0, 348.0, 344.0, 344.0, 352.0, 344.0, 344.0, 352.0, 344.0, 348.0, 348.0, 344.0, 344.0, 352.0, 348.0, 336.0, 348.0, 348.0, 340.0, 344.0, 344.0, 344.0, 340.0, 348.0, 340.0, 344.0, 344.0, 344.0, 340.0, 344.0, 344.0, 340.0, 340.0, 348.0, 340.0, 340.0, 348.0, 356.0, 332.0, 344.0, 348.0, 344.0, 348.0, 344.0, 340.0, 344.0, 344.0, 340.0, 340.0, 340.0, 340.0, 336.0, 340.0, 344.0, 332.0, 340.0, 344.0, 332.0, 344.0, 340.0, 332.0, 348.0, 332.0]",0,1,0,Mid_vt,1
18,50,"[712.0, 776.0, 654.0, 736.0, 642.0, 740.0, 660.0, 648.0, 636.0, 580.0, 564.0, 552.0, 544.0, 528.0, 520.0, 524.0, 516.0, 508.0, 496.0, 496.0, 496.0, 492.0, 488.0, 480.0, 484.0, 480.0, 476.0, 468.0, 468.0, 468.0, 464.0, 464.0, 464.0, 460.0, 456.0, 456.0, 476.0, 468.0, 468.0, 464.0, 464.0, 460.0, 456.0, 456.0, 444.0, 452.0, 456.0, 452.0, 452.0, 440.0, 456.0, 452.0, 452.0, 452.0, 448.0, 464.0, 464.0, 460.0, 452.0, 452.0, 464.0, 472.0, 480.0, 472.0, 472.0, 480.0, 488.0, 504.0, 508.0, 492.0, 480.0, 488.0, 492.0, 504.0, 504.0, 492.0, 488.0, 492.0, 500.0, 492.0, 484.0, 472.0, 476.0, 472.0, 472.0, 464.0, 456.0, 468.0, 464.0, 456.0, 452.0, 456.0, 460.0, 452.0, 448.0, 452.0, 460.0, 468.0, 464.0, 456.0]",1,0,0,Sub_vt1,0
18,50,"[456.0, 452.0, 452.0, 452.0, 448.0, 464.0, 464.0, 460.0, 452.0, 452.0, 464.0, 472.0, 480.0, 472.0, 472.0, 480.0, 488.0, 504.0, 508.0, 492.0, 480.0, 488.0, 492.0, 504.0, 504.0, 492.0, 488.0, 492.0, 500.0, 492.0, 484.0, 472.0, 476.0, 472.0, 472.0, 464.0, 456.0, 468.0, 464.0, 456.0, 452.0, 456.0, 460.0, 452.0, 448.0, 452.0, 460.0, 468.0, 464.0, 456.0, 460.0, 468.0, 456.0, 452.0, 460.0, 460.0, 444.0, 448.0, 456.0, 456.0, 452.0, 448.0, 444.0, 460.0, 468.0, 460.0, 456.0, 452.0, 468.0, 464.0, 460.0, 456.0, 460.0, 460.0, 448.0, 448.0, 460.0, 456.0, 456.0, 448.0, 452.0, 456.0, 448.0, 440.0, 444.0, 456.0, 448.0, 460.0, 448.0, 452.0, 472.0, 460.0, 448.0, 452.0, 472.0, 472.0, 460.0, 448.0, 460.0, 464.0]",1,0,0,Sub_vt1,0
18,50,"[460.0, 468.0, 456.0, 452.0, 460.0, 460.0, 444.0, 448.0, 456.0, 456.0, 452.0, 448.0, 444.0, 460.0, 468.0, 460.0, 456.0, 452.0, 468.0, 464.0, 460.0, 456.0, 460.0, 460.0, 448.0, 448.0, 460.0, 456.0, 456.0, 448.0, 452.0, 456.0, 448.0, 440.0, 444.0, 456.0, 448.0, 460.0, 448.0, 452.0, 472.0, 460.0, 448.0, 452.0, 472.0, 472.0, 460.0, 448.0, 460.0, 464.0, 472.0, 460.0, 464.0, 468.0, 456.0, 448.0, 452.0, 456.0, 456.0, 448.0, 448.0, 468.0, 480.0, 460.0, 456.0, 472.0, 464.0, 452.0, 452.0, 448.0, 476.0, 472.0, 472.0, 456.0, 460.0, 464.0, 488.0, 480.0, 468.0, 480.0, 496.0, 484.0, 464.0, 480.0, 472.0, 464.0, 452.0, 464.0, 460.0, 452.0, 448.0, 468.0, 464.0, 452.0, 468.0, 456.0, 456.0, 452.0, 460.0, 456.0]",1,0,0,Sub_vt1,0
18,50,"[472.0, 460.0, 464.0, 468.0, 456.0, 448.0, 452.0, 456.0, 456.0, 448.0, 448.0, 468.0, 480.0, 460.0, 456.0, 472.0, 464.0, 452.0, 452.0, 448.0, 476.0, 472.0, 472.0, 456.0, 460.0, 464.0, 488.0, 480.0, 468.0, 480.0, 496.0, 484.0, 464.0, 480.0, 472.0, 464.0, 452.0, 464.0, 460.0, 452.0, 448.0, 468.0, 464.0, 452.0, 468.0, 456.0, 456.0, 452.0, 460.0, 456.0, 444.0, 456.0, 460.0, 460.0, 448.0, 476.0, 464.0, 456.0, 464.0, 464.0, 448.0, 456.0, 456.0, 444.0, 448.0, 460.0, 456.0, 444.0, 460.0, 456.0, 452.0, 452.0, 464.0, 484.0, 476.0, 464.0, 480.0, 472.0, 456.0, 476.0, 468.0, 456.0, 452.0, 468.0, 460.0, 448.0, 456.0, 484.0, 476.0, 464.0, 476.0, 472.0, 460.0, 460.0, 472.0, 468.0, 464.0, 456.0, 472.0, 456.0]",1,0,0,Sub_vt1,0
18,50,"[444.0, 456.0, 460.0, 460.0, 448.0, 476.0, 464.0, 456.0, 464.0, 464.0, 448.0, 456.0, 456.0, 444.0, 448.0, 460.0, 456.0, 444.0, 460.0, 456.0, 452.0, 452.0, 464.0, 484.0, 476.0, 464.0, 480.0, 472.0, 456.0, 476.0, 468.0, 456.0, 452.0, 468.0, 460.0, 448.0, 456.0, 484.0, 476.0, 464.0, 476.0, 472.0, 460.0, 460.0, 472.0, 468.0, 464.0, 456.0, 472.0, 456.0, 448.0, 464.0, 468.0, 464.0, 452.0, 468.0, 456.0, 448.0, 452.0, 468.0, 468.0, 456.0, 456.0, 480.0, 484.0, 476.0, 456.0, 468.0, 472.0, 456.0, 456.0, 444.0, 436.0, 448.0, 448.0, 444.0, 448.0, 460.0, 504.0, 524.0, 540.0, 496.0, 480.0, 504.0, 492.0, 480.0, 464.0, 480.0, 472.0, 460.0, 472.0, 480.0, 460.0, 464.0, 472.0, 460.0, 452.0, 464.0, 456.0, 452.0]",1,0,0,Sub_vt1,0
18,50,"[448.0, 464.0, 468.0, 464.0, 452.0, 468.0, 456.0, 448.0, 452.0, 468.0, 468.0, 456.0, 456.0, 480.0, 484.0, 476.0, 456.0, 468.0, 472.0, 456.0, 456.0, 444.0, 436.0, 448.0, 448.0, 444.0, 448.0, 460.0, 504.0, 524.0, 540.0, 496.0, 480.0, 504.0, 492.0, 480.0, 464.0, 480.0, 472.0, 460.0, 472.0, 480.0, 460.0, 464.0, 472.0, 460.0, 452.0, 464.0, 456.0, 452.0, 464.0, 460.0, 448.0, 456.0, 456.0, 456.0, 444.0, 460.0, 460.0, 452.0, 452.0, 464.0, 452.0, 444.0, 452.0, 472.0, 460.0, 448.0, 456.0, 460.0, 452.0, 468.0, 464.0, 452.0, 456.0, 464.0, 464.0, 448.0, 464.0, 472.0, 452.0, 448.0, 460.0, 456.0, 444.0, 452.0, 464.0, 448.0, 456.0, 468.0, 472.0, 460.0, 476.0, 472.0, 464.0, 472.0, 480.0, 464.0, 456.0, 468.0]",1,0,0,Sub_vt1,0
18,80,"[456.0, 444.0, 464.0, 464.0, 452.0, 464.0, 476.0, 452.0, 456.0, 468.0, 460.0, 448.0, 456.0, 452.0, 440.0, 452.0, 456.0, 456.0, 436.0, 436.0, 432.0, 436.0, 436.0, 432.0, 432.0, 444.0, 456.0, 456.0, 444.0, 460.0, 472.0, 444.0, 460.0, 480.0, 460.0, 452.0, 472.0, 452.0, 444.0, 456.0, 444.0, 440.0, 456.0, 448.0, 440.0, 448.0, 468.0, 452.0, 448.0, 452.0, 444.0, 432.0, 448.0, 440.0, 432.0, 448.0, 448.0, 440.0, 456.0, 468.0, 456.0, 452.0, 460.0, 456.0, 440.0, 448.0, 440.0, 428.0, 436.0, 448.0, 432.0, 440.0, 452.0, 440.0, 432.0, 448.0, 440.0, 436.0, 444.0, 460.0, 456.0, 456.0, 484.0, 484.0, 468.0, 472.0, 472.0, 452.0, 456.0, 460.0, 444.0, 444.0, 456.0, 460.0, 456.0, 460.0, 468.0, 444.0, 448.0, 448.0]",0,1,0,Mid_vt,1
18,95,"[420.0, 416.0, 424.0, 420.0, 408.0, 420.0, 424.0, 416.0, 416.0, 424.0, 432.0, 420.0, 420.0, 436.0, 432.0, 424.0, 432.0, 440.0, 424.0, 424.0, 432.0, 428.0, 416.0, 428.0, 420.0, 408.0, 424.0, 420.0, 408.0, 412.0, 424.0, 420.0, 412.0, 424.0, 424.0, 416.0, 436.0, 440.0, 428.0, 440.0, 448.0, 432.0, 440.0, 436.0, 420.0, 428.0, 424.0, 416.0, 428.0, 428.0, 416.0, 424.0, 424.0, 420.0, 432.0, 432.0, 420.0, 428.0, 432.0, 420.0, 432.0, 428.0, 420.0, 420.0, 428.0, 420.0, 420.0, 432.0, 416.0, 420.0, 424.0, 424.0, 416.0, 424.0, 424.0, 416.0, 420.0, 424.0, 412.0, 412.0, 428.0, 432.0, 420.0, 440.0, 432.0, 428.0, 428.0, 436.0, 420.0, 420.0, 424.0, 416.0, 408.0, 412.0, 416.0, 412.0, 408.0, 416.0, 416.0, 416.0]",0,1,0,Mid_vt,1
18,110,"[416.0, 408.0, 420.0, 424.0, 416.0, 420.0, 428.0, 416.0, 420.0, 428.0, 424.0, 412.0, 424.0, 420.0, 408.0, 416.0, 408.0, 408.0, 404.0, 416.0, 424.0, 412.0, 408.0, 412.0, 408.0, 400.0, 404.0, 408.0, 400.0, 400.0, 408.0, 400.0, 396.0, 400.0, 400.0, 388.0, 396.0, 396.0, 392.0, 392.0, 396.0, 404.0, 400.0, 400.0, 412.0, 420.0, 408.0, 404.0, 412.0, 408.0, 404.0, 400.0, 392.0, 392.0, 400.0, 400.0, 392.0, 392.0, 400.0, 408.0, 400.0, 396.0, 404.0, 396.0, 392.0, 396.0, 400.0, 388.0, 400.0, 400.0, 388.0, 396.0, 400.0, 392.0, 396.0, 400.0, 396.0, 388.0, 400.0, 396.0, 384.0, 392.0, 400.0, 388.0, 384.0, 396.0, 392.0, 388.0, 388.0, 400.0, 400.0, 392.0, 396.0, 404.0, 400.0, 396.0, 408.0, 396.0, 396.0, 396.0]",0,1,0,Mid_vt,1
18,125,"[396.0, 388.0, 388.0, 392.0, 384.0, 384.0, 392.0, 388.0, 380.0, 388.0, 384.0, 380.0, 388.0, 388.0, 380.0, 380.0, 392.0, 388.0, 384.0, 380.0, 388.0, 392.0, 376.0, 384.0, 388.0, 376.0, 388.0, 388.0, 372.0, 388.0, 380.0, 376.0, 384.0, 380.0, 376.0, 388.0, 376.0, 376.0, 380.0, 388.0, 376.0, 384.0, 388.0, 380.0, 384.0, 392.0, 388.0, 380.0, 392.0, 380.0, 376.0, 384.0, 380.0, 376.0, 384.0, 380.0, 376.0, 380.0, 380.0, 372.0, 376.0, 380.0, 372.0, 376.0, 376.0, 380.0, 368.0, 376.0, 376.0, 364.0, 376.0, 372.0, 364.0, 372.0, 368.0, 368.0, 364.0, 368.0, 368.0, 364.0, 364.0, 368.0, 368.0, 360.0, 364.0, 368.0, 368.0, 360.0, 364.0, 368.0, 368.0, 372.0, 368.0, 360.0, 368.0, 368.0, 364.0, 364.0, 368.0, 368.0]",0,1,0,Mid_vt,1
18,125,"[376.0, 384.0, 380.0, 376.0, 384.0, 380.0, 376.0, 380.0, 380.0, 372.0, 376.0, 380.0, 372.0, 376.0, 376.0, 380.0, 368.0, 376.0, 376.0, 364.0, 376.0, 372.0, 364.0, 372.0, 368.0, 368.0, 364.0, 368.0, 368.0, 364.0, 364.0, 368.0, 368.0, 360.0, 364.0, 368.0, 368.0, 360.0, 364.0, 368.0, 368.0, 372.0, 368.0, 360.0, 368.0, 368.0, 364.0, 364.0, 368.0, 368.0, 372.0, 372.0, 364.0, 368.0, 376.0, 376.0, 368.0, 372.0, 380.0, 376.0, 372.0, 380.0, 380.0, 372.0, 380.0, 380.0, 372.0, 376.0, 376.0, 372.0, 376.0, 372.0, 372.0, 372.0, 376.0, 368.0, 372.0, 372.0, 372.0, 368.0, 376.0, 376.0, 376.0, 368.0, 380.0, 376.0, 372.0, 368.0, 376.0, 368.0, 368.0, 372.0, 368.0, 364.0, 368.0, 368.0, 364.0, 364.0, 372.0, 364.0]",0,1,0,Mid_vt,1
18,140,"[368.0, 372.0, 364.0, 372.0, 368.0, 364.0, 372.0, 368.0, 364.0, 372.0, 368.0, 360.0, 364.0, 368.0, 360.0, 364.0, 364.0, 364.0, 356.0, 360.0, 368.0, 368.0, 356.0, 360.0, 364.0, 364.0, 356.0, 360.0, 364.0, 360.0, 356.0, 360.0, 364.0, 352.0, 364.0, 360.0, 352.0, 356.0, 360.0, 356.0, 352.0, 360.0, 360.0, 352.0, 356.0, 356.0, 348.0, 352.0, 360.0, 352.0, 348.0, 352.0, 356.0, 356.0, 348.0, 348.0, 360.0, 356.0, 352.0, 352.0, 356.0, 356.0, 352.0, 356.0, 356.0, 352.0, 352.0, 352.0, 352.0, 348.0, 356.0, 352.0, 352.0, 344.0, 348.0, 344.0, 356.0, 344.0, 344.0, 348.0, 356.0, 348.0, 344.0, 356.0, 356.0, 348.0, 352.0, 352.0, 352.0, 348.0, 356.0, 356.0, 344.0, 356.0, 352.0, 352.0, 352.0, 356.0, 348.0, 352.0]",0,1,0,Mid_vt,1
18,140,"[348.0, 352.0, 356.0, 356.0, 348.0, 348.0, 360.0, 356.0, 352.0, 352.0, 356.0, 356.0, 352.0, 356.0, 356.0, 352.0, 352.0, 352.0, 352.0, 348.0, 356.0, 352.0, 352.0, 344.0, 348.0, 344.0, 356.0, 344.0, 344.0, 348.0, 356.0, 348.0, 344.0, 356.0, 356.0, 348.0, 352.0, 352.0, 352.0, 348.0, 356.0, 356.0, 344.0, 356.0, 352.0, 352.0, 352.0, 356.0, 348.0, 352.0, 356.0, 348.0, 352.0, 356.0, 348.0, 352.0, 352.0, 352.0, 348.0, 352.0, 356.0, 348.0, 348.0, 352.0, 344.0, 364.0, 340.0, 344.0, 348.0, 348.0, 344.0, 352.0, 352.0, 344.0, 348.0, 348.0, 344.0, 348.0, 352.0, 340.0, 348.0, 348.0, 340.0, 344.0, 348.0, 348.0, 344.0, 344.0, 348.0, 352.0, 348.0, 344.0, 348.0, 352.0, 344.0, 348.0, 352.0, 340.0, 348.0, 348.0]",0,1,0,Mid_vt,1
18,185,"[328.0, 324.0, 324.0, 328.0, 324.0, 324.0, 328.0, 324.0, 328.0, 324.0, 328.0, 328.0, 328.0, 324.0, 324.0, 328.0, 328.0, 324.0, 324.0, 324.0, 324.0, 328.0, 324.0, 324.0, 324.0, 324.0, 324.0, 328.0, 320.0, 324.0, 320.0, 328.0, 320.0, 324.0, 324.0, 320.0, 320.0, 324.0, 320.0, 320.0, 320.0, 320.0, 324.0, 320.0, 320.0, 324.0, 320.0, 324.0, 316.0, 328.0, 320.0, 320.0, 324.0, 316.0, 324.0, 320.0, 320.0, 324.0, 324.0, 320.0, 320.0, 324.0, 320.0, 324.0, 316.0, 324.0, 324.0, 324.0, 320.0, 316.0, 328.0, 324.0, 316.0, 320.0, 320.0, 320.0, 324.0, 320.0, 320.0, 324.0, 320.0, 320.0, 320.0, 316.0, 328.0, 320.0, 316.0, 324.0, 316.0, 324.0, 320.0, 320.0, 320.0, 320.0, 320.0, 316.0, 324.0, 324.0, 320.0, 320.0]",0,0,1,Supra_vt2,1
18,185,"[320.0, 320.0, 324.0, 316.0, 324.0, 320.0, 320.0, 324.0, 324.0, 320.0, 320.0, 324.0, 320.0, 324.0, 316.0, 324.0, 324.0, 324.0, 320.0, 316.0, 328.0, 324.0, 316.0, 320.0, 320.0, 320.0, 324.0, 320.0, 320.0, 324.0, 320.0, 320.0, 320.0, 316.0, 328.0, 320.0, 316.0, 324.0, 316.0, 324.0, 320.0, 320.0, 320.0, 320.0, 320.0, 316.0, 324.0, 324.0, 320.0, 320.0, 316.0, 320.0, 320.0, 324.0, 320.0, 320.0, 320.0, 316.0, 324.0, 320.0, 320.0, 320.0, 324.0, 316.0, 324.0, 320.0, 320.0, 320.0, 320.0, 316.0, 320.0, 324.0, 316.0, 320.0, 320.0, 316.0, 324.0, 316.0, 320.0, 324.0, 316.0, 320.0, 316.0, 320.0, 324.0, 316.0, 316.0, 320.0, 320.0, 320.0, 316.0, 320.0, 324.0, 316.0, 320.0, 312.0, 324.0, 316.0, 320.0, 320.0]",0,0,1,Supra_vt2,1
